right_foot_X,right_foot_Y,right_foot_Z,left_foot_X,left_foot_Y,left_foot_Z,right_ank_X,right_ank_Y,right_ank_Z,left_ank_X,left_ank_Y,left_ank_Z,right_knee_X,right_knee_Y,right_knee_Z,left_knee_X,left_knee_Y,left_knee_Z,right_hip_X,right_hip_Y,right_hip_Z,hip_central_X,hip_central_Y,hip_central_Z,left_hip_X,left_hip_Y,left_hip_Z,spine_X,spine_Y,spine_Z,right_hand_X,right_hand_Y,right_hand_Z,left_hand_X,left_hand_Y,left_hand_Z,right_wrist_X,right_wrist_Y,right_wrist_Z,left_wrist_X,left_wrist_Y,left_wrist_Z,right_elbow_X,right_elbow_Y,right_elbow_Z,left_elbow_X,left_elbow_Y,left_elbow_Z,right_shoulder_X,right_shoulder_Y,right_shoulder_Z,shoulder_center_X,shoulder_center_Y,shoulder_center_Z,left_shoulder_X,left_shoulder_Y,left_shoulder_Z,head_X,head_Y,head_Z
0.17158742483592315,0.10267113454101474,0.2036232549094015,0.06461669201121893,0.10483300356228227,0.19875281716472037,0.19225895869243967,0.12228403024597669,0.2343227079331894,0.044553128953845625,0.12909144224042593,0.22777126516344437,0.17718679551679908,0.3249323900217824,0.18534910633954396,0.08250293660166357,0.3251146232558311,0.18398472716959266,0.1962809936398758,0.6178946978950877,0.19835903186224324,0.1293210771827532,0.6112634622497404,0.20226967279522476,0.062361160725630624,0.6046322266043931,0.20618031372820622,0.1292348512181703,0.7058649701018427,0.19782248966901403,0.19723429466192247,1.0,0.09686789262407036,0.01582163685208943,0.46228766174351643,0.1938449408485933,0.24447036030433475,0.9623834526956627,0.09357465894141716,0.018492986456410256,0.5278151249107432,0.20772060590443578,0.30600883804850854,0.8615608969965707,0.08333755779113132,0.01586754628436663,0.6319780965484139,0.21411641306533286,0.1789669930054829,0.8528038702968124,0.17739167623369198,0.09976953552777787,0.8326800017327958,0.17346760481669826,0.0205720780500728,0.8125561331687792,0.16954353339970452,0.12512370858325117,0.9201337834213315,0.10916471211428343
0.17159269169239857,0.1026730657217224,0.20361991923363376,0.06464197292230084,0.10481527181214843,0.19875281716472037,0.19132988521017985,0.1225863478076644,0.23479514495903242,0.04453996181265713,0.12909302229736858,0.22776547162132146,0.1771588811774795,0.3249334433930775,0.18530723483056455,0.08246106509268418,0.3251196267694827,0.18396102631545336,0.19625544938597012,0.6178923278096737,0.19833164420857122,0.12929237281496228,0.611261618849974,0.20224070508461006,0.062329296243954474,0.6046309098902742,0.20614976596064893,0.12922755285991153,0.7058614337839235,0.19781157975202923,0.19714989328690424,0.9998505529475106,0.09712899703383811,0.01581781838114477,0.4622513204338362,0.19377950015688647,0.244430068852298,0.9623026064487654,0.09378296311501906,0.018477975915455372,0.5277803636580056,0.2076413397144811,0.3060576442518472,0.8615178843353549,0.08338759292764758,0.015843669868344835,0.6319512355803893,0.21404425713161992,0.17895803934947477,0.8528296778935418,0.17745961868222462,0.09977480238425326,0.8326776316473818,0.17348682884283345,0.02059156541903177,0.8125255854012219,0.16951403900344228,0.12513203021648228,0.9201355741525332,0.10917861661537845
0.17159128719733846,0.10266463875136175,0.20361693468163103,0.06461967656322165,0.1048242254681566,0.19875685508801816,0.19113711826318033,0.12229298390198486,0.23475459016417186,0.044527848042763725,0.12910355601031934,0.22776968510650175,0.1771249099532132,0.32492132962318404,0.18525166949474914,0.08242656718277032,0.32511514994147866,0.18394311900343702,0.1962251649612366,0.6178841641821369,0.19830214981230898,0.12925510980539887,0.6112624088784453,0.2022142391308212,0.062285054649561154,0.6046406535747537,0.20612632844933343,0.12921890016713053,0.7058621861919915,0.19780420615296368,0.19704442448598444,0.9997614114016645,0.09737969940206695,0.015843230963638554,0.46219746682637536,0.1937461872896796,0.2443871439720235,0.9622214968590443,0.09397678343331364,0.01842952083588174,0.5277516592902147,0.207563653581469,0.3060518507097243,0.8614890921866228,0.08344868846276216,0.01581803783349791,0.6319085740429385,0.21396104079930867,0.1789601460920649,0.8528575922328614,0.17752492770251954,0.09977638244119587,0.8326839518751523,0.17350236606943586,0.020592618790326846,0.8125103115174432,0.16947980443635222,0.12513413695907244,0.9201327300500365,0.10920084274970462
0.17157899786556252,0.10266937892218962,0.20361570574845342,0.06461107403097852,0.10483598811428499,0.1987573817736657,0.19127721664542588,0.12252577895819737,0.2347803977609013,0.0445341682705342,0.1290882821265407,0.2277702117921493,0.17711753635414765,0.32490605573940534,0.18522375515542952,0.0823928593013278,0.32512594699725317,0.18392705509118706,0.1961814500524908,0.6178831108108418,0.19827002198780908,0.12922653710901985,0.6112564836649105,0.2021786878496123,0.06227162416554889,0.6046298565189792,0.2060873537114155,0.12918624565698306,0.7058589508372993,0.1977963058682506,0.19696937178121005,0.9996589710432181,0.09761934137169748,0.015828483765507433,0.46216718240164173,0.19368114161220848,0.24434316572045395,0.962174885179237,0.09416691695207542,0.018367898615119595,0.5277366487492599,0.20746648007949794,0.3060936344377624,0.8615177087734723,0.0835236533865953,0.015830678289038863,0.631887155493272,0.21385798597427344,0.1789759466614911,0.8528939335425416,0.17758075638115872,0.09978981292520815,0.8326960656450457,0.17351579655344812,0.020603679188925177,0.8124981977475498,0.16945083672573752,0.1251585751731183,0.9201290432505036,0.1092214888270882
0.17158005123685763,0.10266534099889181,0.2036127211964507,0.06461774538251402,0.10482211872556646,0.19875492390731053,0.1912440354496309,0.12251103176006625,0.23478671798867176,0.04452626798582111,0.12908512201265546,0.22777600533427222,0.17709093872894688,0.3249028956255202,0.18518741384574933,0.08235651799164756,0.3251248936259581,0.18390914777917072,0.1961656494830646,0.6178652034988253,0.19823815750613294,0.12920467965464696,0.6112470033232548,0.20213997645451812,0.062243709826229295,0.6046288031476841,0.20604179540290335,0.12917977494759902,0.7058533077767901,0.19778223583738058,0.19683269685567353,0.9995727262684335,0.09781105494740189,0.015784637185349767,0.46214716834703523,0.193615305906266,0.24426653295873693,0.9621522376963929,0.09435020355741922,0.018331557305439363,0.5277140012664157,0.20736746317776047,0.30612225102461205,0.8615882846502427,0.08359528263466068,0.01584682998223007,0.6318688970574907,0.21375299996853053,0.17898753374573695,0.852911840854558,0.17764501203015853,0.09979033961085568,0.8327118662144719,0.17353528392240708,0.02059314547597439,0.8125118915743857,0.16942555581465563,0.12518290805003462,0.9201346261183676,0.10925056187483237
0.17157812005614995,0.10267394353113496,0.2036113167013906,0.06461370745921621,0.10482492771568667,0.19876299975390613,0.19116608597379503,0.12239726766019769,0.2347593303349997,0.04453522164182928,0.12905036075991785,0.22777073847779683,0.1770719780456355,0.3249023689398727,0.18514659570806502,0.08237310858954505,0.32510619628547044,0.18389492726668716,0.19613984188633515,0.6178525630432845,0.1982139299663461,0.12917821370085808,0.6112367329531277,0.20210640024448748,0.06221658551538101,0.604620902862971,0.20599887052262883,0.1291563750566869,0.7058434512311004,0.19777283073653168,0.19667613954694238,0.9994929333928313,0.09798156942579282,0.015717353093876587,0.4621266276067812,0.1935405165443154,0.24415118880192577,0.9621477608683888,0.09451268607968516,0.01828336556868949,0.5277063643245263,0.2072731864468509,0.306075376001981,0.8616509602423,0.0836939484126331,0.015879308930495016,0.6318351891760482,0.21370507157460442,0.1790038610008107,0.8529286947952792,0.1777224348203469,0.09978875955391306,0.8327321436119022,0.1735692551466734,0.02057365810701542,0.8125355924285251,0.1694160754729999,0.1252278870043345,0.9201346261183676,0.10928658717312408
0.17157566218979475,0.10266797442712951,0.20360411866420755,0.06460598273638564,0.10483791929499264,0.1987559772786056,0.1912466688778686,0.12256633375305792,0.23478935141690946,0.04454154186959975,0.12904351384649984,0.22777179184909194,0.1770603909613896,0.3248923619125694,0.18511367785509378,0.08237416196084013,0.32509276580145824,0.18388018006855603,0.1960987604058271,0.6178767905830712,0.1981852255985552,0.12914911431883153,0.6112426581666625,0.20206808386362898,0.06219946823183597,0.6046085257502539,0.20595094212870277,0.12914042400564713,0.7058405920804424,0.19776304943164885,0.19647994914323388,0.9994205141162945,0.09810652559567158,0.01562491976273339,0.4621175422793612,0.19346362043977464,0.24401714730462695,0.9621446007545035,0.09467938208713146,0.018248867658775647,0.5277082077242927,0.20715994903262988,0.30611101506413124,0.8617382144979091,0.08378401165836238,0.015904063155929373,0.6318325557478105,0.21360149006392165,0.1789917472309173,0.8529560824489514,0.17780617783830568,0.09977927921225735,0.8327579512086316,0.17360954659871017,0.02056681119359741,0.812559819968312,0.16941291535911468,0.12527792214085076,0.9201511640477004,0.10932650994520757
0.1715733798853221,0.10267113454101474,0.2036055231592677,0.06463547713264785,0.1048107072032031,0.19876019076378593,0.19109761683961488,0.12226770299090296,0.23473404942391782,0.0445420685552473,0.12904193378955722,0.22777179184909194,0.17704222030654948,0.32488735839891775,0.18507654651694222,0.08239470270109418,0.3250656414906099,0.18386358947065853,0.1960663692385034,0.617862306727764,0.1981554678594692,0.1291215949937476,0.6112292276826503,0.20203437598218646,0.06217682074899177,0.6045961486375367,0.20591328410490367,0.12911040292373735,0.7058463856225654,0.19774845271513128,0.19629521415235934,0.9993595502525919,0.09828401865889244,0.015580283154104401,0.462096079839224,0.19338224750722974,0.24388205243603303,0.9621411772977945,0.09483027752515155,0.01822095331945605,0.5277111044953542,0.20703617790545809,0.3060253408654648,0.8617954476716083,0.08388495974080747,0.015941633398787205,0.6318192130447393,0.21350159535277163,0.17897805340408124,0.852997690615107,0.1778878141136743,0.09976900884213032,0.83278718226207,0.1736511547648658,0.020559964280179394,0.8125766739090332,0.16941449541605733,0.12534038705864894,0.9201713887765659,0.10935948046674357
0.17156916640014178,0.10267517246431256,0.2036048209117376,0.06462915690487737,0.1048094782700255,0.1987614196969635,0.19230478034377566,0.1224546763957795,0.23431902113365663,0.04452837472841126,0.12905457424509817,0.22776599830696898,0.17702747310841835,0.32488051148549973,0.1850454720637374,0.08243999766678259,0.32504009723670424,0.1838483155868799,0.19602318101540514,0.6178696803268294,0.19811938989261274,0.12907932847053252,0.611229622696886,0.2020015898006271,0.062135475925659905,0.6045895650669424,0.20588378970864146,0.12910024541482054,0.7058471380306331,0.19773626370443106,0.1961489272137552,0.9992788356771063,0.09849574628920335,0.015520899347344323,0.4620919980254555,0.19328560069090622,0.24375038102414812,0.9621338036987289,0.09497959290622902,0.018194882379902844,0.5277068910101739,0.20690819329310597,0.3059767102240086,0.861871290404854,0.08395641342699033,0.015971478918814435,0.6318171063021493,0.21341293660210245,0.17893117838145023,0.8530477257516232,0.1779915711862396,0.09974451795951973,0.8328198367722175,0.1736869693888985,0.020557857537589232,0.8125919477928119,0.1693823675915574,0.12539853315413732,0.9201956163163526,0.1094037220611369
0.17157425769473467,0.10267411909301746,0.2036007829884398,0.06462968359052491,0.1048121116982632,0.1987575573355482,0.19225421852161184,0.12229719738716517,0.2342668792545502,0.04454996883996039,0.12903456019049167,0.22776599830696898,0.1770158860241725,0.3248810381711473,0.18500755069711455,0.08242867392536048,0.3250527376922452,0.18382066459038407,0.19599263324784785,0.6178775806115426,0.19808752541093658,0.12905220415968424,0.6112314660966524,0.2019684086048321,0.062111775071520624,0.6045853515817621,0.2058492917987276,0.12906894523919532,0.7058552640377667,0.19772287084082224,0.1959566869524033,0.9992503946521394,0.09868732819349588,0.015477711124246065,0.4620838343979186,0.19316722809162168,0.2436137060986116,0.9621369638126143,0.09512785491601142,0.01821515977733312,0.5276813467562681,0.20677941865228253,0.3058892804065171,0.8619118451997145,0.08401786008586995,0.015990790725890883,0.631801656856488,0.2133149730716601,0.17890115729954045,0.8530793268904756,0.17809638163009997,0.09972766401879847,0.8328390607983528,0.1737111969286853,0.02055417073805646,0.81259879470623,0.16932601222727067,0.12544288008566015,0.9202241626784493,0.10943279510888107
0.17157092201896693,0.10268008819702291,0.2035923560180792,0.06462476785781454,0.10482246984933148,0.19875913739249082,0.19239379021820982,0.12220344734190312,0.23416417555327998,0.0445341682705342,0.1290256065344835,0.2277538845370756,0.17700140216886517,0.3248913085412743,0.1849683126163728,0.08241866689805723,0.3250435206934133,0.1838038106496628,0.19596024208052415,0.6178857442390794,0.19806882807044895,0.12901006930788106,0.6112404197526605,0.20194602446481166,0.062059896535237975,0.6045950952662416,0.20582322085917437,0.12904667396038508,0.7058736980354304,0.19770955321802017,0.19583173078252453,0.9992135266568115,0.09892117662100346,0.015463753954586266,0.4620759341132056,0.19303134319455648,0.243505735540866,0.962125640071192,0.09529876440863802,0.01823148703240685,0.5276810834134444,0.20666170441005743,0.3058450388121237,0.8619701317447089,0.08407579550709932,0.016002904495784308,0.6317911231435372,0.21322842106358111,0.17886270924727007,0.8531114547149754,0.1781680108781654,0.09970633325007312,0.8328545980249551,0.17370751012915253,0.020549957252876137,0.8125977413349348,0.1692470093801397,0.12554431974137628,0.9202541837603591,0.10947271788096456
0.17158215797944776,0.10267903482572784,0.20359569169384692,0.06462108105828177,0.10481948529732876,0.19875545059295807,0.19238905004738197,0.12221608779744407,0.23416364886763244,0.04452574130017356,0.1290551009307457,0.2277538845370756,0.17698375819967258,0.3248918352269219,0.18493091793539754,0.08239443935827041,0.32504931423553624,0.1837906435084743,0.1959225840567251,0.6178910110955548,0.19803327678924001,0.1289836033540922,0.6112417364667794,0.20191205324054537,0.062044622651459325,0.6045924618380039,0.2057908296918507,0.12902485412641557,0.7058835545811202,0.19769676228086563,0.19569387081428102,0.9991703384337132,0.09917174731782043,0.015473365967653877,0.4620863361547445,0.19287281081464708,0.243395921583354,0.9621390705552043,0.09544781644689171,0.018265458256673143,0.5276663362153133,0.20653845996853318,0.3057899123810146,0.8620149000247499,0.0841435623937494,0.016001324438841696,0.6317784826879964,0.21312589292419337,0.17882900136582758,0.8531288353413443,0.17822805304198489,0.09969922299383133,0.8328545980249552,0.1736930262738452,0.020569444621835103,0.812580360708566,0.1691579995057055,0.1256123675270384,0.9202717750609868,0.10950052688315465
0.17158338691262534,0.10268114156831801,0.20358691359972125,0.06461265408792113,0.10483721704746259,0.19875527503107554,0.19246541946627518,0.12224558219370628,0.23415100841209147,0.04453469495618173,0.12902507984883596,0.2277596780791985,0.1769792813716685,0.32489262525539314,0.1849135373090287,0.08237495198931145,0.32504273066494194,0.18377905642422843,0.19589493306022926,0.6178999647515631,0.19800931259227697,0.12894950045841402,0.6112560886506748,0.20187834535910285,0.06200406785659878,0.6046122125497866,0.2057473781259287,0.12901364324620368,0.705889047160016,0.1976819398419277,0.1955756298864084,0.9991434774656888,0.09940059223167638,0.015501938664032898,0.46209028629710097,0.19270111129354917,0.24326583022841172,0.9621651414947576,0.09559370837126019,0.018302062909177148,0.5276855602414485,0.20640757858511957,0.30573408370237537,0.8620874070822278,0.08421554276557983,0.0159974620774264,0.6317704068414008,0.2130224869753931,0.1788095139968686,0.8531488493959508,0.17828493509191917,0.09970106639359771,0.8328619716240208,0.17368091250395182,0.020592618790326846,0.8125750938520906,0.16907688991598444,0.1256774658730743,0.9202908410814278,0.10953391875320866
0.17157899786556252,0.10268272162526061,0.20358428017148356,0.06460475380320804,0.10482211872556646,0.19875773289743073,0.19239115678997212,0.12226085607748494,0.23417207583799307,0.0445088873594523,0.12904930738862277,0.2277544112227231,0.1769687476587177,0.3248868317132702,0.1848885197407706,0.08235862473423772,0.32505563446330665,0.18377615965316696,0.19587254892020883,0.6178981213517967,0.1979803448816623,0.12892685297556983,0.6112605654786789,0.20184384744918898,0.0619811570309308,0.6046230096055611,0.2057073500167157,0.12900092754985593,0.7058885204743685,0.19766869745993246,0.19544856697393945,0.9991139830694264,0.0996191667754053,0.015576069668924095,0.4621002933244042,0.19252691001562544,0.2431718168403259,0.962184102178069,0.09575829763611632,0.018329713905672982,0.5276565925308337,0.2062714303452306,0.3057102072863536,0.8621658832437112,0.08429015656564792,0.015990264040243358,0.6317812916781166,0.21291679872212016,0.17878897325661455,0.8531757103639753,0.17834234382750097,0.09968974265217563,0.8328890959348689,0.17367064213382477,0.020590512047736684,0.8126024815057626,0.16899894044014857,0.12570264144702667,0.9202976879948459,0.1095636238237299
0.1715828602269778,0.10268096600643549,0.20358937146607647,0.06460808947897578,0.10481930973544624,0.1987586107068433,0.19240537730245566,0.12218817345812448,0.2341473216125587,0.04451520758722277,0.12902507984883596,0.22774282413847724,0.17694425677610712,0.32488077482832345,0.18486376551533623,0.0823517778208197,0.32505063094965503,0.18377457959622434,0.19583199412534827,0.6178925911524974,0.1979513771710476,0.12889090668012523,0.611254771936556,0.2018115879532772,0.0619498192349022,0.6046169527206144,0.20567179873550676,0.12897993536476113,0.7058904767353451,0.19765718561649337,0.19531268207687424,0.9990631579044389,0.09983800466195801,0.015696549010798772,0.46209147133980794,0.19236034567959107,0.2430896538793097,0.9621975326620812,0.09592710038615276,0.01833682416191476,0.527662122730133,0.2061355454481654,0.3057068716105858,0.8622257498456481,0.08436231249936084,0.01600641573343457,0.6317816428018815,0.21279320315683087,0.17878107297190146,0.8531815039060983,0.17838447867930413,0.09969764293688871,0.8328801422788609,0.17365694830698872,0.020614212901875966,0.8125787806516234,0.16892941793467334,0.12575162321224786,0.9203149632840852,0.1095890100719413
0.17157636443732482,0.10268482836785078,0.20358919590419394,0.06459404452837474,0.10482492771568667,0.1987573817736657,0.19230636040071822,0.12237620023429611,0.23425845228418957,0.044506253931214594,0.1290161261928278,0.2277491443662477,0.1769284562066809,0.32487471794337686,0.18486113208709853,0.08234071742222136,0.3250414139508231,0.18378063648117104,0.1958085566140328,0.6178878509816697,0.19791951268937147,0.12886035891256795,0.6112560886506747,0.20178235689983873,0.061912161211103114,0.6046243263196799,0.20564520111030601,0.12897007881907147,0.7058879185479141,0.1976426641407826,0.195211163418311,0.9989985072412035,0.10005262906333039,0.01580807469666528,0.46208778454027516,0.19221629715498897,0.2430016973761706,0.9621888423488969,0.09610406676372606,0.01833814087603361,0.5276573825593052,0.2060025573221616,0.30570072694469785,0.862262266717211,0.08443938416578414,0.015973761223287107,0.6317823450494117,0.2126509980319952,0.17876158560294247,0.8532289056143768,0.17846716832596787,0.09970685993572065,0.8329014730475862,0.17366458524887804,0.02065213426849882,0.8125740404807955,0.16886200217178826,0.12579660216654776,0.9203181233979704,0.1095995437848921
0.17157847117991498,0.10268166825396555,0.2035872647234863,0.0645989602610851,0.10481913417356373,0.1987624730682586,0.19115186546131144,0.12242834211340255,0.23472720251049978,0.044495193532616266,0.12901559950718025,0.22774177076718216,0.17691344566572603,0.3248731378864341,0.18484717491743874,0.08232439016714765,0.3250458907788272,0.18378590333764647,0.19578064227471315,0.6178699436696533,0.19788659483640025,0.12882546598841843,0.61125016343714,0.20175286250357652,0.06187028970212372,0.6046303832046267,0.2056191301707528,0.12896571485227756,0.7058876928254938,0.19762851886910585,0.19515296465425785,0.9989112090951239,0.1002976695608482,0.015872593688488895,0.4620901546256891,0.19208488908592786,0.24294744875447402,0.9621438107260322,0.09630236391002471,0.01833814087603361,0.5276608060160141,0.20586219559709235,0.30571442077153393,0.8622803495911098,0.08452804291645331,0.01594286233196481,0.631786207410827,0.21251862437258023,0.17876579908812282,0.8532826275504258,0.1785156234055415,0.09972029041973292,0.8329367609859714,0.17365141810768958,0.020674781751343026,0.8125908944215168,0.16878721280983763,0.12583283813909849,0.9203246542999999,0.10960449462997897
0.17157197539026198,0.10268535505349831,0.20358761584725135,0.06459211334766708,0.10482440103003914,0.1987637020014362,0.1923021469155379,0.12242834211340255,0.23427003936843543,0.04449782696085396,0.12901033265070486,0.2277475643093051,0.17688026446993105,0.32486813437278256,0.18483321774777894,0.08231464648266816,0.32503825383693785,0.183796700393421,0.19574219422244277,0.6178612533564689,0.1978547303547241,0.12877951266567061,0.6112522701797302,0.20173008334932044,0.06181683110889845,0.6046432870029914,0.2056054363439168,0.12896127564467688,0.7058949911837524,0.19761617937679207,0.1950444674108647,0.99881034879362,0.10054468512954426,0.015866405132130286,0.4621158305510066,0.1919507159172171,0.24290689395961348,0.9620769216487947,0.09651883171116347,0.018298112766820605,0.5276787133280305,0.20570682333106816,0.305741808425206,0.8622792962198146,0.0845958098031034,0.015907749955462153,0.6318028857896657,0.21238291503739753,0.1787752794297785,0.8533158087462209,0.1785651318564102,0.09974056781716319,0.8329538782695163,0.17363377413849698,0.02070585620454786,0.8125919477928119,0.16870241642058376,0.12585696034175578,0.9203272877282376,0.1095966996823954
0.17158514253145046,0.10267745476878523,0.20358656247595622,0.064597555766025,0.10482088979238885,0.1987640531252012,0.19235586885158698,0.12231247127094381,0.23420525703378806,0.044487819933550714,0.1290108593363524,0.2277517777944854,0.17685761698708685,0.3248610241165408,0.18482689752000847,0.08229305237111904,0.3250319336091673,0.1838151343910849,0.195698479313697,0.6178694169840058,0.1978233925586955,0.12873237430021583,0.611254771936556,0.2017170478795438,0.06176626928673465,0.6046401268891062,0.20561070320039218,0.128932383174869,0.7059017628563637,0.19760113121543377,0.19499522230281974,0.9986977697364583,0.10082514523685909,0.01585113124835164,0.46212399417854355,0.19183695181734858,0.24287134267840454,0.961963157548926,0.0967339827981834,0.018249921030070733,0.5276929338405141,0.20556883169141277,0.3057811342868889,0.8622594577270908,0.08466305000410596,0.015882293482497735,0.6318100838268489,0.21225299924433774,0.17876000554599986,0.8533484632563683,0.1786114801933937,0.09974504464516727,0.8329741556669467,0.17361138999847656,0.020730083744334677,0.8125998480775249,0.1686112998035594,0.12589604041680322,0.9203223368831506,0.10957784433621347
0.1715721509521445,0.10268588173914585,0.203583402362071,0.0646029981843829,0.10481544737403095,0.19876475537273125,0.19233796153957064,0.12245625645272214,0.23425687222724695,0.04449256010437857,0.1289897919104508,0.2277491443662477,0.1768325994188287,0.3248757713146719,0.18481109695058226,0.08227461837345515,0.3250358837515239,0.18381144759155213,0.1956479174915332,0.6178683636127107,0.19780390518973653,0.12868233916369956,0.6112580637218531,0.20170717252365247,0.06171676083586593,0.6046477638309955,0.2056104398575684,0.1289227523515997,0.7059110927164058,0.1975861582948823,0.19494755725171742,0.9985223834158277,0.10114089328255908,0.015781740414288307,0.4621388730480866,0.19173490647313782,0.2428360547400194,0.9618349095937503,0.09697678488169917,0.018185665381070894,0.5277013608108746,0.2054532241917778,0.3058631216860226,0.8622271543407083,0.08465866095704312,0.015865439541776476,0.6318241287774498,0.21211851884233265,0.17872998446409014,0.8533690039966223,0.17869838332523771,0.09973635433198287,0.8329960131213194,0.1736084932274151,0.020742724199875627,0.8126230222460167,0.16851860312959246,0.12593080166954082,0.9203264450312014,0.1095607797212332
0.17158145573191771,0.10268851516738355,0.20358006668630327,0.06460124256555777,0.10481351619332331,0.19876967110544164,0.1912403486500981,0.12258424106507426,0.23473141599568012,0.04449782696085396,0.12899347870998357,0.2277702117921493,0.17680810853621812,0.32486576428736863,0.18478686941079545,0.08224538732001671,0.3250411506079994,0.1838309349605111,0.19559340552701285,0.617872577097891,0.1977894213344292,0.12863019728459313,0.6112583270646769,0.2017070408522406,0.06166698904217344,0.6046440770314627,0.20562466037005198,0.12890386690909506,0.7059235826903332,0.19757088441110365,0.19486526261928938,0.9982859015600823,0.10148100053945777,0.015679431727253734,0.4621603354882238,0.19165511359753554,0.2428684459073431,0.9616205485352016,0.09724460453347306,0.01809402207839901,0.5277255883506615,0.20534077680602814,0.3059119278893613,0.8621321753622686,0.08471132952179708,0.01583260946974651,0.6318588900301876,0.21200545698999415,0.17872945777844257,0.8534100854771304,0.17872998446409014,0.09974978481599513,0.8330294576599383,0.17356899180384963,0.02077011185354769,0.8126488298427461,0.16840799914360913,0.12599758540964887,0.920299162714659,0.10949620806084483
0.17158110460815268,0.10268693511044094,0.20357795994371308,0.0646029981843829,0.10481930973544624,0.19877037335297168,0.19237640959184102,0.1222629628200751,0.23415100841209147,0.0444983536465015,0.12900137899469669,0.22777179184909194,0.17677334728348051,0.3248668176586637,0.18474552458746357,0.08222563660823398,0.3250361470943477,0.1838498956438225,0.19552756982107042,0.617863360099059,0.19783840309965037,0.1285705501350093,0.6112601704644431,0.20173772029120976,0.06161353044894817,0.6046569808298274,0.20563703748276915,0.12888182135270518,0.7059302038813309,0.1975488388547138,0.19475268356212777,0.9979806872273331,0.10188984027336039,0.015545916915602446,0.46216520733046357,0.19159823154760125,0.24282525768424484,0.9613730062808581,0.0975319115542059,0.018015545916915617,0.5277429689770303,0.2052270127061596,0.30595968072140484,0.8620022595692088,0.08473959498488172,0.015788016751588144,0.6318806597036191,0.2118892350237704,0.17874683840481137,0.8534332596456222,0.17876895920200803,0.0997692721849541,0.8330460482578358,0.17352843700898907,0.020791705965096812,0.8126588368700494,0.1682879148159701,0.12603592812478973,0.9202944225438311,0.1094826195711383
0.17157337988532212,0.10269413314762398,0.20357286864912022,0.06460036475614521,0.104822645411214,0.198774235714387,0.19229319325952973,0.12246995027955816,0.23426898599714033,0.04448202639142778,0.12899927225210653,0.22778390561898532,0.17675754671405436,0.3248581273454793,0.18473578090298412,0.08220404249668485,0.32503298698046246,0.18386437949912987,0.19547885139867296,0.6178533530717557,0.1978423532420069,0.12851432644213445,0.6112592487645601,0.20174654227580605,0.06154980148559588,0.6046651444573643,0.20565073130960515,0.12887015902765253,0.7059448005978484,0.1975321353956061,0.19472187245174669,0.9975839612633239,0.1023579321426112,0.015425832587963414,0.46216599735893477,0.19154674802555427,0.24282236091318338,0.9610346107523138,0.09785292645638129,0.017899675074456906,0.5277611396318704,0.2051003448079263,0.30601726501886917,0.8617663043991112,0.08475978460137074,0.015741317290839642,0.6318887355502146,0.21175457905988276,0.1787547386895245,0.8534469534724582,0.17880582719733581,0.09978770618261798,0.8330592153990244,0.17347787518682528,0.020820673675711495,0.8126714773255903,0.16814992317631472,0.1260816444389962,0.9202975826577164,0.10945681197440887
0.1715823335413303,0.10268693511044094,0.20357602876300543,0.06460405155567799,0.10481650074532603,0.1987891584744006,0.19228581966046418,0.12240569463055834,0.23424317840041092,0.044477812906247464,0.12899663882386883,0.22780023287405904,0.1767325291457962,0.32484469686146705,0.1847097099634309,0.0821721780150087,0.32503878052258545,0.1838672762701913,0.19541090895014038,0.6178272821322026,0.19786526406767488,0.1284458573079543,0.6112531918796132,0.20177169151547608,0.06148080566576819,0.6046791016270241,0.20567811896327723,0.12883381771797228,0.7059517979928799,0.19750738117017172,0.194770722545556,0.997071496128268,0.10288145767626557,0.015306406617383821,0.46215625367445534,0.19151988705752973,0.24281867411365057,0.9606072053493354,0.09815103053288869,0.01778959777412113,0.5277711466591737,0.2049792071089922,0.3060578198137297,0.8613656721832161,0.0847288857100484,0.015679695070077514,0.6318880333026847,0.2116083360117493,0.178788446570967,0.8534896150099089,0.17887798313104872,0.09981799060735151,0.8330763326825693,0.17342915676442786,0.020847534643736013,0.8126630503552297,0.16798033039780697,0.12613347030671407,0.9202917891155933,0.10942331476722536
0.17158654702651058,0.1026890418530311,0.20357023522088252,0.0646042271175605,0.10481895861168122,0.1987954787021711,0.19248016666440632,0.12229035047374717,0.2341325744144276,0.04446780587894421,0.1289887385391557,0.22781866687172295,0.1767151485194274,0.3248547038887703,0.18466994519704166,0.08214057687615632,0.32503957055105664,0.1838717530981954,0.19533032604606682,0.61780963816301,0.1979289930310272,0.12835908584752215,0.6112551669507916,0.20181369469586735,0.06138784564897745,0.6047006957385733,0.2056983963607075,0.1288146313122405,0.7059639117627735,0.197482401222317,0.19493610183888344,0.9964453985647552,0.10345910016020461,0.015224770342015184,0.4621444032473857,0.19148209736231878,0.24289820364642908,0.9599883497134765,0.0984238536983142,0.01768215390202305,0.527775360144354,0.2048712365512466,0.30597758803342123,0.8607887758372775,0.08460213003087387,0.015608943631424696,0.6318901400452748,0.2114482235748973,0.17884480193525373,0.8535143692353433,0.17902545511235982,0.09987355594316694,0.8330800194821021,0.17342889342160409,0.020902309951080132,0.8126456697288609,0.16783233173084836,0.1261842428031369,0.9202693523070082,0.10940761953492868
0.1716107745662974,0.10269465983327151,0.2035756776392404,0.06462230999145936,0.1048187830497987,0.19881654612807265,0.19253652202869304,0.1222229347108621,0.23408938619132935,0.04446253902246881,0.12899084528174587,0.22784921463928023,0.1767140951481323,0.3248718211723154,0.1846207000889967,0.08209501856764415,0.32503009020940093,0.18386016601394953,0.19516758018097707,0.6178117449056001,0.1980324867607687,0.12820726870961885,0.6112716258772772,0.20187255181697988,0.06124695723826061,0.6047315068489543,0.20571261687319106,0.1287883722706703,0.705989644118696,0.1974475647287726,0.19547753468455412,0.9956103384705813,0.10391244483132432,0.015138788910054341,0.4621139871512403,0.1914390408106324,0.24313126204546537,0.9590590128883928,0.09856711219444497,0.01754495229083898,0.5277695666022311,0.20473482496853382,0.3057300457790776,0.8597067879553489,0.08438197543020233,0.015515544709927673,0.63189330015916,0.2112638835982584,0.17891485112637653,0.8535112091214581,0.17943574323179315,0.09995887901806835,0.8330673790265611,0.17355556131983735,0.02100290690976019,0.8126235489316642,0.16767537940788158,0.1262467077209351,0.9202293241977952,0.10942068133898766
0.171685212804483,0.10270554466998734,0.20359218045619668,0.0646256456672271,0.10482387434439158,0.1988421781629196,0.1927013746363729,0.12220871419837852,0.23403197745574753,0.04445832553728849,0.12900506579422943,0.22790030314709156,0.17674516960133715,0.324950033990975,0.18448850199146427,0.08204577345959921,0.3250171864110362,0.18382250799015046,0.19490818749956385,0.6178233319898461,0.198209453138342,0.12796999682540228,0.6113021736448345,0.20196919863330343,0.06103180615124069,0.6047810152998231,0.20572894412826478,0.1288048500073576,0.7060208690535146,0.19735863009514518,0.19653906960717019,0.9944360928193917,0.10407150389688127,0.01506123444845413,0.4620452546742364,0.1913710983620998,0.24364320049487384,0.9575948267882326,0.09818816187104024,0.017393003481523808,0.527749025861977,0.20456707558979248,0.305103465420388,0.8577893010745397,0.08398397664254491,0.015417756741367824,0.6318801330179716,0.21103775989358142,0.1790438891100237,0.8535802049412857,0.18032478860484,0.10009660731489994,0.8330742259399792,0.17389237679143893,0.021149325519776198,0.8125682469386727,0.16745996497803786,0.12630380044512837,0.9201550615214921,0.10951738082387594
0.17184655417451264,0.10274574834108285,0.20362185041434142,0.06463372151382271,0.10486583363431225,0.19886675682647142,0.19285358678851186,0.12232932521166509,0.23405462493859175,0.04448992667614087,0.12905457424509817,0.2279656121673865,0.17681969562046398,0.3251038262000565,0.18420725185567813,0.08196650726964448,0.32501218289738465,0.18374534854278587,0.194554518087241,0.6178728404407147,0.19839510982909972,0.1276244910406163,0.6113478636247586,0.2020687422206884,0.060694463993991574,0.6048228868088025,0.20574237461227707,0.12887407154960567,0.7060465261686303,0.19720807324075565,0.1982663351882763,0.9923425173704219,0.10335297300222537,0.014948655391292554,0.461933597316958,0.191258782647762,0.24489618565037055,0.955059625423801,0.09693438668707223,0.017233681073143083,0.5276702863576699,0.20438352564162493,0.30391403366636105,0.8544599455345594,0.0836379441721114,0.015312068488094873,0.6318502874979444,0.21077090583216135,0.17902334836976966,0.8536655280161872,0.18159778781494318,0.10017850693309237,0.8330702757976226,0.17438114107235567,0.021333665496415053,0.8124750235790581,0.16716449432976815,0.126438526633769,0.9200807988451891,0.10974143289833926
0.17210656132251467,0.10282861354962909,0.20366890099885493,0.06468709232610673,0.10492218899859898,0.19889835796532382,0.1932559746232321,0.12241201485832881,0.2340130167724361,0.04453996181265713,0.12925260804857305,0.2280151206182552,0.17698928839897174,0.325355055253933,0.18376931273974897,0.08181824525986209,0.3251354273389089,0.1832937156000207,0.19411815902825447,0.6179976649391816,0.19866003270981214,0.12719418886657644,0.6114371368420166,0.20220673386034377,0.06027021870489843,0.6048766087448514,0.2057534350108754,0.12883720355427788,0.7060824160334699,0.19707820760823375,0.20067500032588675,0.9891934638837826,0.10159529132497387,0.014794863182210991,0.4617884954210609,0.19110920392386074,0.24607148467285514,0.9511708419451924,0.09464488417721761,0.017063034923340256,0.5275457252020267,0.20416863789742876,0.302703007800785,0.8491995848488164,0.08332614626876796,0.015265544589228873,0.6317519728437369,0.21071314597281451,0.17891485112637653,0.8536218131074413,0.18290870839166926,0.10015954624978093,0.8329612518685819,0.17482882387276433,0.02140424137318536,0.8123006906297225,0.1667489393538594,0.12656514186343754,0.920042245455789,0.11014044994491527
0.17256477783587412,0.1029086697680551,0.20374860609351592,0.06474432549980604,0.1049864446475988,0.19893557708441661,0.1939564665344598,0.12253631267114815,0.23396350832156737,0.04482279200538589,0.12949330338949866,0.22803302793027155,0.1772897625608931,0.32559153710967814,0.183121752736099,0.08151408429840798,0.3252842160343388,0.183114905822681,0.1936762697699687,0.618198595513718,0.1989794675550449,0.12670252781459823,0.6115788152812047,0.20232760821645412,0.05972878585922773,0.6049590350486914,0.2056757488778633,0.12861892997377614,0.706111233262471,0.19710762676368915,0.20369093401511032,0.984557708485551,0.09883967201704671,0.014610523205572136,0.4615774261478094,0.19094000615958864,0.24775687874498184,0.9455990344798709,0.09127514940425928,0.016928466740393888,0.5273513781980846,0.20393926629792528,0.3015260409404166,0.8415965264028173,0.08328734709273254,0.015143353518999687,0.6315335738618904,0.21052529475852538,0.17881794096722922,0.8534996220372122,0.18430969221412458,0.1000657962045189,0.832767958235935,0.17522805159359933,0.02131365144180855,0.8120362944346576,0.16614641097307412,0.1267801349447632,0.9200876457586069,0.11079290812508731
0.17309585253047655,0.10304753921712305,0.20387571289645548,0.06490198007030287,0.10505579159119152,0.19898245210704762,0.19493820858147362,0.12247995730686141,0.23378654194399406,0.04517619807488496,0.12966026273976872,0.2280746360964272,0.17765027888663393,0.32583960604966933,0.1823101301532405,0.08118016559786788,0.32540851384715824,0.18284761285655468,0.1932264802269699,0.618482215734918,0.19942636032698224,0.1262048098776733,0.6117756640419726,0.20239502397933917,0.059183139528376706,0.6050691123490272,0.2053636876316961,0.1283010375650826,0.7061474240905374,0.1972156725622416,0.20720392728419945,0.9780219346138203,0.09504924708311613,0.01438312667724692,0.46133686247829564,0.19074697586976538,0.24945254318723556,0.9370622501617253,0.08741507029344159,0.016808645755578628,0.5270882987171386,0.20370489118477014,0.30039998702597687,0.8315631648171881,0.08350047921810357,0.015047321169264967,0.6312718110950631,0.21013326507487343,0.1790754902488761,0.8533237090309339,0.1856643276995964,0.10015533276460062,0.8325262095237143,0.1754945545312544,0.02123517528032515,0.8117287100164945,0.16532478136291237,0.12682332316786143,0.9202252160497444,0.11153932702478042
0.1737815972435731,0.10319466007466911,0.20403248965753976,0.0650803509429363,0.1050701876655576,0.19903441842427153,0.19615169231340482,0.1225889812359021,0.23353373283317508,0.04544796786901539,0.12974874592855537,0.22832323172206587,0.17797945741634616,0.32607898467647606,0.18138026664250934,0.08083123635637289,0.32551674774772754,0.18251553755578093,0.19280934519411855,0.6187181709050158,0.200054696304497,0.1257768777890474,0.6119900251005213,0.20238304188085765,0.05874441038397622,0.6052618792960267,0.20471138745721829,0.12797772781830005,0.7061139419315153,0.19736126352338287,0.21135500021528275,0.9694306383311543,0.0902191446809424,0.01419141310154249,0.4610644343271057,0.19059397368915512,0.25177812366394664,0.9265806790900399,0.0831425963206004,0.016704888683013328,0.5268075752670001,0.20344470847488558,0.2993385398843021,0.8195849286970778,0.08461073256311702,0.014970073940959156,0.6309629977437226,0.20959481678120545,0.17987815917572642,0.8529566091345989,0.18697998844715033,0.10053849657318567,0.8321878139951701,0.17561042537371307,0.021198833970644915,0.8114190188557412,0.16424086230027585,0.12688283864603342,0.9203514099308949,0.11241404654821419
0.17458988415066387,0.10339954079156201,0.2041780304581432,0.06542585672772226,0.10507369890320786,0.1991243061081183,0.19747419997437674,0.12318413601762186,0.23312397139938928,0.0459003908402519,0.12972609844571115,0.22862028242727822,0.17811455228494008,0.32639473272217606,0.1802908173805737,0.08047151005910336,0.32551674774772754,0.18207680841138046,0.19236324245065253,0.6189030375673022,0.20090950711045374,0.12559556625488189,0.6121418422384244,0.20226927778098908,0.05882789005911125,0.6053806469095468,0.20362904845152446,0.12754035300842184,0.7060739890631091,0.1975861582948823,0.2162170987705445,0.9586295007428243,0.08416923831906696,0.014002332954075786,0.46076001002282785,0.19049008494517794,0.25439469796092334,0.9137579903150409,0.07838767829461295,0.016628782606943858,0.5265589796413613,0.20314265425602165,0.29789805463828134,0.8052522321705825,0.08649012251542082,0.014881941875937539,0.6307166844225566,0.20888782908032477,0.18102317377347749,0.8526042564363948,0.18816713789670456,0.10116788592199548,0.8318491551238021,0.17555038320989358,0.021312598070513472,0.8110940538112092,0.16293362852308257,0.12693150439986606,0.9205752513310992,0.11337345712377231
0.17548858542724893,0.10359476560491669,0.20426739145634243,0.06566075852652493,0.10505017361095109,0.19919628647994872,0.19902792263461855,0.12352437494593244,0.2325593643852268,0.04627223090741486,0.12965499588329332,0.22883095668629402,0.17814114991014085,0.32672970479401126,0.17907206679216708,0.08023739828877201,0.3253597954247608,0.1816372892385087,0.19184261368805963,0.6190886942580599,0.20192285029631993,0.12469559215464861,0.612430597644688,0.20220080864680895,0.057548570621237576,0.6057725010313163,0.20247876699729797,0.1269940295103097,0.7060875324083316,0.19786432355758998,0.22183104108766907,0.9454968574642483,0.07676100967218691,0.013833003518391798,0.46048350005786953,0.19046835916221694,0.25781578458451676,0.8986068242922696,0.0733981218126466,0.016570847185714502,0.5263609458378865,0.20275975379026034,0.29591034300446684,0.7889795768423167,0.08981122664692297,0.01479222975397328,0.630556747547587,0.20800282163057576,0.18262798494153065,0.8521534135221009,0.1890682970396448,0.10212724382898886,0.8315047027103112,0.17523305510725096,0.021626502716447074,0.8108559918985213,0.16139781317485716,0.1268817852747383,0.9207632781072709,0.11436752361493856
0.1763207487503615,0.10383458313642972,0.20423754593631516,0.06577241588380332,0.10504139551682544,0.1992306966089213,0.20077441224185985,0.1239178091246445,0.23233446961372745,0.04636703432397198,0.12960390737548197,0.22886729799597427,0.17842977364499255,0.32708258417786285,0.177803544410068,0.08019684349391146,0.32514359096644574,0.18106083179727658,0.19117977980063106,0.6192527568372685,0.20316424836757074,0.12412835171224844,0.6125078887634645,0.2021199623999116,0.05707692362386587,0.6057630206896606,0.2010756764322525,0.12646997729100778,0.7060109372670179,0.19813308371944874,0.2285410162373235,0.929842048291017,0.06806082113189224,0.013650111927283689,0.460330892891495,0.19042859439582768,0.26177672399683827,0.8810982133111108,0.06774757484301806,0.01648684082493194,0.5262743060488662,0.20226545931004444,0.29321090349894385,0.7713968787467375,0.09496010553727005,0.014722180562850525,0.6304868739183468,0.20691732251099665,0.18452616001526337,0.8515177039455207,0.18964080433852035,0.10330254285147347,0.8311581435542302,0.17468846214769504,0.022078925687683583,0.8107985831629395,0.1597361199568697,0.12679003663493693,0.9209044298608114,0.1153819201720998
0.17717942191773356,0.10400294698175987,0.20416767230707492,0.06582490888667476,0.10503577753658501,0.19920629350725197,0.2020948131602416,0.12422697359975024,0.23170297352232747,0.046422336316963644,0.12953491155565428,0.22866610407861415,0.17894750563652395,0.3274080759080423,0.1764549658095428,0.0802992838523579,0.3248989454831636,0.18037824719806528,0.1904224058394691,0.6193925918766903,0.2046181640976038,0.12350607261968043,0.6124932732367453,0.20218658813432538,0.056589739399891745,0.6055939545968004,0.19975501217104696,0.12598113776928424,0.7058667758812057,0.19834503707218004,0.235702756001155,0.9118695589257877,0.05720082642244956,0.013501454903265635,0.46029823838134754,0.19030060978347557,0.26607342550946633,0.8616232214648629,0.06181788448019353,0.0163685998970593,0.5263322414700955,0.2016597708153739,0.2900321800541599,0.7538018913193822,0.10205263002892075,0.014582082180605012,0.6305976534662127,0.20570576995977308,0.18639694743532398,0.8505844169780805,0.18988676653592135,0.10451286646951945,0.8307262613232477,0.17398112332304935,0.02262878550371492,0.8108681056684148,0.15807548011017739,0.1265753595649998,0.9209417192046573,0.1161746874087764
0.178016676535439,0.1041895692628714,0.20420805154005298,0.06582157321090702,0.10506334075213959,0.1991643342173313,0.20350633069564772,0.12451823076283965,0.2311820814169108,0.04639020849246373,0.12948013624831017,0.22830795783828722,0.17955424750248958,0.32759926279809914,0.17523015833618952,0.0804090978098699,0.324707495250283,0.17959216886911242,0.1897111168724669,0.619476334894649,0.20609525399612857,0.122966614845188,0.6123962314061862,0.20233063665892745,0.056222112817909106,0.6053161279177233,0.19856601932172632,0.12549132011707245,0.7056819092189193,0.19847505318631553,0.24417278291347488,0.8897047834775552,0.04366474193785821,0.01336517499196477,0.4603606506305809,0.1899961854791977,0.27090918978235107,0.8387561107056364,0.055463948828275864,0.016175832950059817,0.5264747099377549,0.20090345022550704,0.2855151483789779,0.7355072897902118,0.11175031729518478,0.014381414948892411,0.6308127167722914,0.20442873282637206,0.1887343783391047,0.8494104346697147,0.1902238453503467,0.10601523727912615,0.8301935187907613,0.17330143549489951,0.02329609621914758,0.8109766029118078,0.15637902563945236,0.12631443949520868,0.9207723371004085,0.11682303744089764
0.1789371474854557,0.10421976590666368,0.20439010921221917,0.0657720647600383,0.10508230143545101,0.19903178499603383,0.20484095212651304,0.12453771813179862,0.2310172288092309,0.04634175341289008,0.12944379493862992,0.2278112932726574,0.18022761510286894,0.3275910991705623,0.1743416396487902,0.08050890474007867,0.3246535099714102,0.17865651181625833,0.18905038972762847,0.6195042492339686,0.2073640397210515,0.1225289390720826,0.6122405957973382,0.20246336144210744,0.05600748841653672,0.6049769423607078,0.1975626831631634,0.12513264719109798,0.7054248113821132,0.1985270445838084,0.25404590039084024,0.862381385454496,0.02741016948349124,0.013289332258719064,0.46044320860583277,0.1894319734792709,0.27684625374424116,0.8130341003939213,0.05009675873702363,0.01589089601474088,0.5266437760306151,0.19993540200532925,0.28050496337581626,0.7187655331118707,0.12328087061488661,0.014090333347685521,0.6311143320864488,0.2031069274129302,0.19088588920930394,0.8477740223628092,0.1903981782996823,0.10742649147170849,0.8294127073182838,0.17251720056571304,0.023967093734113026,0.8110513922737586,0.15463622283174383,0.12597356854412106,0.9204945630898962,0.11723048145783427
0.17969645262732525,0.10423697097114998,0.20468505317484134,0.06557051971891315,0.10512689415360936,0.1989234633145232,0.20603336843254266,0.12436917872458594,0.2309840476134359,0.046162680292726625,0.12936268534890885,0.22734148967505208,0.18081170948599037,0.3273488237726941,0.17347524175858758,0.08049415754194755,0.32463928945892656,0.17773112513353126,0.18849552639794548,0.619389431762805,0.20847876989406902,0.12167518163742091,0.6121376287532442,0.20265507501781185,0.05485483687689632,0.6048858257436834,0.19683138014155466,0.12495756183369444,0.7050267875141869,0.19854224322678027,0.26437236253932533,0.8279260054066915,0.01105302499926594,0.013236137008317566,0.4604226678655787,0.18854371813469537,0.28264269263823816,0.7839931804742356,0.04561624393340429,0.015450060127750246,0.526717248678447,0.19886307002693865,0.27542578255282696,0.7044632087910505,0.13625700047520212,0.013638085938331523,0.6312905962164922,0.20186272035155914,0.19291573569492154,0.8461423502267316,0.19055407725135398,0.10875558270327466,0.8285578965123271,0.17177194037444454,0.02459542971162777,0.8109734427979227,0.15298980349753502,0.1256230065771187,0.9201634884918528,0.11736878910887817
0.18016081380657267,0.10416867739885233,0.20494874712237615,0.06532332858833456,0.10514603039880331,0.19879144077887329,0.20679600925018002,0.12410320247257844,0.2311009718271897,0.045755552287178515,0.12924418107821242,0.22695016223893016,0.18121673074894828,0.32694696262362133,0.17289667757476535,0.08062740901077507,0.3245192051312876,0.1771762618038483,0.18811604938889323,0.6190112714678716,0.2093936228638453,0.12158630343439861,0.6117839593409214,0.20269957995502894,0.05505655747990399,0.6045566472139712,0.19600553704621257,0.12479526741344546,0.7045256837409563,0.1984432263250428,0.2709409225926153,0.7857599474789072,0.007384791135564545,0.013066017544162273,0.4602994234240545,0.18729441977873146,0.2881381306846663,0.7520431123803649,0.04399721225286758,0.014936014935751602,0.5266003244646931,0.19767723729150327,0.27076443901021896,0.6935142919881149,0.14961866422951658,0.012964981680775941,0.6312435456319787,0.20070260743191193,0.19420137536056573,0.8438628547441802,0.19062939329895218,0.10961118353770273,0.8272456592214823,0.17098349196007775,0.025020991714839756,0.8106284636987843,0.15133759062120336,0.12525832943476228,0.9197869082538619,0.1172108887517458
0.18032794871872526,0.10403437255872974,0.20510534832157792,0.0650311936158326,0.10513971017103282,0.19870348427573414,0.20697192225645825,0.12370608149433358,0.2312510772367385,0.04526573463496669,0.12907985515618006,0.22660939662497204,0.1815969977864719,0.3264837425966103,0.1725551219323359,0.08050284785513195,0.3244462591691034,0.17642968489846092,0.18790089830187331,0.6184532480243033,0.21005224326609356,0.12139985671516959,0.6114451687981415,0.20269878992655763,0.05489881512846588,0.6044370895719796,0.19534533658702166,0.12461942964797403,0.7039644625630994,0.19827039819184303,0.27512939020467403,0.7439575659907491,0.01190243727733541,0.01294224641699046,0.4599271883426559,0.1858403723772865,0.2921109205240575,0.7188758737550303,0.04802846419913564,0.0143614008942859,0.5261945131732639,0.1964700737873425,0.2669477236843821,0.6848036136253401,0.1624936704455045,0.01229714427969572,0.63089645979025,0.19944716441006008,0.19489133355884256,0.8415796724620961,0.1905751446772556,0.11004069568327125,0.8257806830928509,0.17014579843766603,0.025190057807699968,0.8099816937236056,0.14971645219807647,0.1249166157866386,0.9193989516058843,0.11672244048221758
0.1800482786398817,0.10390164777554975,0.20518470229247388,0.06473940976709566,0.10511636044065857,0.19864976233968512,0.20648526471813167,0.1234880336362522,0.23147123183741003,0.044780657153582724,0.12887866123881994,0.22628127146655486,0.1815638165906769,0.3259296692953986,0.17238816258206585,0.08046202971744765,0.3243477689530134,0.175954877787204,0.1880072888026763,0.61772721185917,0.21051994012110872,0.12136285704842993,0.6111174386539601,0.20269418142714166,0.05471842529418356,0.60450766544875,0.1948684227331746,0.12454531745328454,0.7034315319285962,0.19791300435958403,0.2793178578167326,0.7021549211597671,0.016420215090518185,0.012673505065333391,0.45936692648508565,0.18428888813104677,0.2938260723352702,0.6880926777132836,0.059290320057651016,0.013725691317705613,0.525564070453159,0.19528845453708743,0.2639220902011496,0.6768388977013639,0.17655284155904394,0.011531518910055664,0.6302261645228148,0.19820980426210702,0.19647665735793673,0.8396067080264128,0.1893779882003981,0.11074724447944563,0.8243483614743669,0.16880538346467774,0.02501783160095452,0.8090900149223211,0.14823277872895743,0.1245936521475673,0.9190595553746098,0.11582286139621996
0.17946611543746796,0.10376804518295721,0.2052644073871349,0.0644764180670909,0.10509318627216684,0.19863045053260867,0.2055130030127736,0.12332423439986737,0.2317993569958272,0.04438090274710017,0.12866272012332872,0.2259915943604081,0.1811042833631986,0.3254119373038672,0.17223200028757035,0.0804596596320337,0.32425270219363256,0.17571154901804067,0.1880230893721025,0.6170322501472415,0.21059815293976836,0.1212157800813545,0.6108126193354465,0.20254697278865436,0.05440847079060651,0.6045929885236514,0.19449579263754033,0.12451642498347665,0.7029773784188036,0.19726119325035038,0.27963307917678504,0.6653850210338497,0.030286268133293083,0.012239252748936995,0.45865458414678834,0.18270817283136853,0.29289436542477265,0.6630358713744112,0.07643314785659351,0.012922232362383965,0.5247303270731039,0.1940417896093612,0.2603759157362655,0.6698713732700625,0.19441854540923453,0.010830851436945493,0.6293193873996341,0.19708375034766737,0.19835639843400557,0.8377048461531472,0.18743873164615732,0.11150988529708297,0.8228670580906617,0.16726746137386214,0.02466337216016037,0.8080292700281764,0.147096191101567,0.12418578678211264,0.918864049662243,0.11445010792447274
0.17872524429326223,0.1035735226171326,0.20532269393212926,0.06408544175473399,0.10509494189099197,0.1986789056121823,0.20433954739005536,0.12311724694038433,0.2322486198531785,0.04384157664401963,0.12859161756091086,0.22576933301714638,0.18033400560367194,0.324911059253057,0.17204660693963642,0.080486783942882,0.3241597421768418,0.17570391207615135,0.188179251666598,0.6161892897683544,0.21019681847634322,0.12189862802338959,0.6102603894340012,0.20235934102671838,0.0556180043801812,0.6043314890996481,0.19452186357709356,0.12465088030521282,0.7026214141618735,0.1963574759199792,0.27775281141506875,0.63787017277791,0.04179013604685291,0.011708748630452738,0.4578652140325384,0.18125478378698306,0.2907059865592456,0.6439917083878508,0.09736758563217354,0.01196866799751352,0.5237069768599343,0.19282251233530703,0.257063589698889,0.6643884001172929,0.2122173601821876,0.010197775288602901,0.6283085020801229,0.1961088552140716,0.20132269200094854,0.8344072673139019,0.18442872317046852,0.11285056361289501,0.8206352276592128,0.1653260980770312,0.02437843522484145,0.8068631880045237,0.14622347298359387,0.12368501406843199,0.9187011984600238,0.1126042854041055
0.17783725229151048,0.10332562923902394,0.20532918972178224,0.06392743606047212,0.10504139551682544,0.19866924970864408,0.2029633177930344,0.12294923421881919,0.23257621832594808,0.0435898209044957,0.12836514273246885,0.225524950876688,0.1792835310796542,0.32428008984730455,0.17187385404724342,0.08050047776971803,0.32412340086716157,0.1759504009591999,0.18813711681479484,0.615770047992913,0.20939046274996007,0.12182581373261724,0.6100948784692619,0.20209270641765145,0.055514510650439663,0.6044197089456109,0.1947949500853428,0.12509194191462383,0.7022344506925455,0.1952058401312305,0.2730384481839418,0.6251849489569189,0.06492625150056033,0.010994562892389051,0.4572160739719458,0.1800493320111768,0.2871166238712633,0.6308580117379797,0.1202383831909329,0.010953481411880961,0.5229851541799815,0.19156768378004396,0.2515848300312996,0.6612837637869294,0.23155392148407375,0.00975992395361497,0.6274740564525378,0.1954731456374913,0.20453494776529255,0.8303196600033471,0.1816694170630086,0.1145019864607554,0.8181608584870718,0.16357987181261366,0.024469025156218262,0.8060020569707964,0.14549032656221875,0.12324344082153481,0.9184037264062935,0.11044761301456035
0.17697822800037344,0.10316270781205171,0.20533621219708278,0.06383947955733302,0.10499136038030916,0.19866205167146106,0.20151493226230052,0.12286812462909809,0.23275739818870173,0.043469736576856675,0.12817342915676444,0.22535588478382781,0.17796523690386262,0.3235740677367777,0.17151439109279767,0.08047098337345582,0.32414631169282954,0.17632145099789154,0.188545298191638,0.6152902373680044,0.20918031517659175,0.12198803291205944,0.6098826241533034,0.20227665138005466,0.055430767632480865,0.6044750109386026,0.19537298758351754,0.1257783637949815,0.7018355991757443,0.19396218483577596,0.2687251560734163,0.6153693718865472,0.08800416819021463,0.009933422984008643,0.4569055927827212,0.1789793701182001,0.2836478721965675,0.6230922952078322,0.14363112622640398,0.010068122838366897,0.5225659124045399,0.19047112426186652,0.2438518557922408,0.6617611165454829,0.2504164657031743,0.009440928013088499,0.6270716686178175,0.19514660053601676,0.2067691482821555,0.8257106339017282,0.17939676849387523,0.11602832146732515,0.815532960448673,0.16177623681261433,0.02528749465249479,0.8053552869956178,0.14415570513135342,0.12294986624159623,0.9177371530507673,0.10814884083730904
0.17642485694669183,0.10306474428160933,0.20530355768693534,0.06381507645566367,0.10495010333791857,0.19865836487192826,0.20041889942977062,0.12282282966340968,0.23263626048976763,0.043403374185266685,0.12805229145783034,0.22527424850845915,0.17643073826975603,0.3230134108649719,0.17076360070222998,0.08038855706961587,0.3242542822505751,0.17686551727179992,0.1890161551605384,0.6146977160145223,0.2085340718870607,0.12218514501565111,0.609590313618919,0.20240147587852153,0.055354134870763856,0.6044829112233157,0.19626887986998237,0.12650985491860722,0.7013177919434063,0.19280851754524386,0.26563021953706173,0.6093323693230364,0.1097980252711674,0.008827909809823039,0.45698880911503253,0.1780937482018623,0.2795434109452915,0.6197449445748942,0.1654569794604448,0.009367367584315466,0.5226259545683595,0.18970901012987673,0.23474142302298337,0.6661292717442937,0.2665800971023994,0.009082606210879066,0.6271629607967244,0.19501721142860454,0.2093135666454193,0.8237518899785283,0.17892591152497483,0.11802551344279529,0.8143315904866352,0.16010137645343844,0.026737460240171297,0.804911290994742,0.141276841381902,0.12300832834847313,0.9165405232595574,0.1058722947943839
0.17597541852745804,0.10311056593294528,0.20515749020068436,0.06386651608724005,0.10490182382022745,0.1986629294808736,0.19947771217761737,0.12294607410493397,0.23227179402167022,0.043377566588537246,0.1280001495787239,0.22520261926039375,0.17489044609352647,0.32265263119640725,0.1695775046239708,0.0802653126280916,0.32434987569560364,0.1775728560964456,0.1888792168921781,0.6141668168818024,0.2072234146531584,0.12197921092746314,0.609374109160604,0.20227638803723086,0.055079204962748186,0.6045814014394054,0.19732936142130336,0.12692157261336962,0.7011205105479993,0.19192481426947924,0.26350701802041776,0.60882266928763,0.1291903274707515,0.007673941556063785,0.4575153630911602,0.17744605652680046,0.27513742216079895,0.6203806541514746,0.1851795135610362,0.009022915170824573,0.5230794309108909,0.18941617290984472,0.22512519647020546,0.6730044506253932,0.2801993101383608,0.008714979628896426,0.6276743725604854,0.1949754277005664,0.21067820915819438,0.8241779786673878,0.1799081802576362,0.11966982603441391,0.814106432372312,0.1584120322389552,0.02866144291063344,0.8040348860772362,0.13691588422027418,0.12335783694418041,0.914958464911478,0.10360249032774725
0.1756794211935408,0.10317710388641779,0.2050251165412694,0.06390443745386289,0.10489848814445969,0.19862395474295566,0.1986402819980294,0.12306457837563035,0.2317250943195241,0.04340548092785685,0.12799540940789605,0.22510149561606618,0.1735761020600914,0.32233293300835075,0.16802325527808148,0.07999643960502263,0.32455686315508664,0.17843925398664826,0.18884419229661673,0.6136867429140701,0.20640810527076708,0.12179157916552717,0.6092209753085819,0.20247415849788197,0.054738966034437606,0.6047552077030937,0.19854021172499686,0.12719048325684196,0.7011712228517766,0.19133921507022195,0.2614975806036423,0.6128465476348325,0.14556511592416937,0.0067094484640069126,0.4583003880488179,0.17712899176698163,0.2704999550342128,0.624565961649648,0.20235841932683518,0.008965506435242753,0.5238078371614382,0.18954758097890587,0.2155711188238372,0.6812052972813495,0.2915520192710767,0.008226390909862201,0.6286085373373381,0.19464519579955905,0.2114629707730284,0.8260793138550058,0.18143240852161577,0.12109003388300443,0.8143355406289917,0.15649068299673075,0.03071709699298047,0.8025917674029777,0.1315489574718457,0.12446830096345289,0.9135798125604783,0.10136934318217938
0.17554300961082803,0.10325645785731376,0.20492487070635437,0.06387722536207335,0.10492675360754432,0.19851422856638493,0.19821366662352233,0.12311198008390893,0.23134430059635297,0.043320157852955433,0.1280680920272565,0.22501827928375492,0.17274551879392144,0.3220179749911221,0.16624674458893043,0.07958983828512207,0.324904212339639,0.1795200129353995,0.18864273503643283,0.6134039127213413,0.2059972904656862,0.12139669660128435,0.6091552712740512,0.2028462619078687,0.05415065816613589,0.6049066298267612,0.19969523335005118,0.12691758485060967,0.7013612811297316,0.19101914067813147,0.2591526444293841,0.6210532317233827,0.1585164476685799,0.006057543303764776,0.45917455455232187,0.1771678348334877,0.26595360452465105,0.6317080823731085,0.21600747788282373,0.009166173666955338,0.5248454078870912,0.18994259521456056,0.2073235727071322,0.690010954622564,0.3008697906235822,0.00771743701245643,0.6296631375655948,0.19406794832985566,0.21154618710533962,0.8282450452376886,0.18278809737838267,0.12238489054748052,0.8144593117561636,0.15427623319165049,0.0332235939896214,0.8006735782746384,0.12576436900491833,0.12598547163975546,0.9126137657457613,0.09913566935096396
0.17558005316803832,0.10334581885551297,0.20484727235428352,0.06384931102275375,0.10494782103344591,0.1984952678830735,0.19790292209147398,0.1232578720082774,0.23114942690676335,0.043069982170374124,0.12815236173086286,0.22500563882821398,0.17222172991744333,0.3217651658803031,0.16396961919179298,0.07910607751785696,0.3253231907722568,0.18070637235648243,0.1882608879419666,0.6131489968679321,0.20532576626507326,0.12093531997403967,0.6091538228885204,0.20297846000540115,0.05360975200611272,0.6051586489091089,0.20063115374572907,0.12653468438484838,0.701712730938254,0.19067393585657263,0.25601214958451746,0.632587252390264,0.167851029071336,0.005620657559130685,0.45993219185630746,0.17757535785327141,0.2611884161285366,0.6408005200494084,0.22594392930930576,0.009339189902172106,0.5257162826052979,0.19049508845882956,0.20071717906816053,0.6988336414663824,0.30877744893574166,0.007219543513648998,0.6306871900262944,0.19310112904285548,0.2110679565373737,0.8306446250478791,0.18403528899175645,0.1234042906182934,0.8147555724329045,0.15207837398446775,0.035740624699213124,0.79886651981793,0.12012145897717912,0.12774407501689014,0.912079074476379,0.09701470624832202
0.17548173851383092,0.10345256048008099,0.20475440011843404,0.06364267468703572,0.10495624800380653,0.19846120887786595,0.19767118040655654,0.12336952936555579,0.23112677942391915,0.04269129518979315,0.12816289544381362,0.2250646276207384,0.17261753418156933,0.3213619880171115,0.1625944429660671,0.07826311713896983,0.3258159051955301,0.18204362721558548,0.18783848605263986,0.6133109527045506,0.20631198514009114,0.12042311818180741,0.6093904364156777,0.20377915386107323,0.05300775031097497,0.6054699201268048,0.20124632258205533,0.12624259957288428,0.7022449091646895,0.19029509839437808,0.2519116384755979,0.6455343706494943,0.1743234689939501,0.005442111124614762,0.46042977812182057,0.1782547823385975,0.25747528231338246,0.6517558448610558,0.23262783351940697,0.009361837385016312,0.5263085406159562,0.19107444267112314,0.1960651403053258,0.7074205487019853,0.31556748030382215,0.0067158564727186325,0.631373988110686,0.1918653489518451,0.20991556834055705,0.8332243313495279,0.1852571996940483,0.12402656971086143,0.8150821175343791,0.15000507593292817,0.03813757108116582,0.7969399037192303,0.11475295217180803,0.12956103516377224,0.911807199345119,0.0950603864845616
0.1753058255075527,0.10354332597334032,0.20463466691456003,0.06346605943322745,0.10491797551341865,0.19851124401438222,0.19743943872163913,0.1236423525309813,0.23114363336464042,0.04229891438237616,0.12810601339387936,0.22514889732434473,0.17339149874062879,0.32114736361573915,0.1615147373886109,0.07764847498829112,0.32617010129350044,0.18313044304928341,0.1872146269031292,0.6135374275329926,0.2069532249159706,0.11988734720684777,0.6096449572548511,0.20421116776346757,0.052560067510566306,0.6057524869767098,0.20146911061096456,0.12573434792300855,0.7025389502376301,0.1897981328655211,0.2468005492804618,0.6585473246146669,0.17828691016309742,0.00548266591947531,0.4604725713306831,0.17927536745211736,0.2544036516169315,0.6636202291003565,0.23633807056349965,0.009226742516422396,0.5264267815438289,0.19179257855154339,0.19311640292663412,0.7152506086620739,0.32127464598056116,0.0063575346705092,0.6315346272331855,0.19030829061583554,0.20804952109132424,0.835872506785357,0.18648701068105325,0.12425304453930346,0.815251446970063,0.1480866234617652,0.04045656798728266,0.7946303871547691,0.10968623624247713,0.1313973773424838,0.911647086908267,0.09349223263757721
0.1750291399807119,0.10358475857761343,0.2045026443789101,0.06334615066747093,0.10487935189926575,0.19860200950764154,0.19677476143444417,0.12368870086796478,0.2315560282266639,0.04197131590960653,0.12800383637825669,0.22519682571827085,0.1744419732646465,0.32107547102484996,0.16068125735137953,0.07725609418087412,0.32641000660595476,0.18467415868222198,0.18647489691115984,0.6136532983754512,0.20801660323835303,0.1193359073338738,0.6098763039255329,0.20519764998130924,0.05219691775658775,0.6060993094756146,0.20237869672426545,0.12530908688302375,0.7026735560409799,0.18928634489772617,0.24116211608072669,0.6708064597467985,0.1804172219359832,0.0057362650587656164,0.45999815923366183,0.18070163218565458,0.2519413962146839,0.6759538902516149,0.23796789929981094,0.00870690378230082,0.5259835755714244,0.19236376913630007,0.1917112056189985,0.7223320727551265,0.3258870077579479,0.0060962985893295565,0.6311810456018039,0.18852721531773914,0.20607761002693603,0.8388935756596442,0.18712114020069093,0.12433441747184831,0.8155627181877589,0.14628746528976994,0.04259122491676063,0.7922318607158738,0.10545379037884894,0.1330507489272401,0.9113713143032153,0.09229181070970498
0.17457145015299996,0.10364725860778813,0.20445875390828183,0.06322992870124718,0.1048252788394517,0.19862781710437097,0.1960726894662739,0.12393308300842315,0.231743528317188,0.04165372446414015,0.12792852033065852,0.22516469789377094,0.17559067466193037,0.32109206162274745,0.16035602896402382,0.07727268477877162,0.3265585319585609,0.186081199389624,0.18570909597963728,0.6136806860291234,0.20914713398079676,0.11872732206814181,0.6099686055852643,0.2057456663975742,0.05174554815664632,0.6062565251414053,0.20234419881435162,0.12471724269680283,0.7025278145982252,0.18887131660746503,0.23556226260467383,0.6816930520814419,0.1814449173057448,0.005989074169584616,0.459122807687451,0.1825126407847195,0.2501409213285698,0.6880268420073412,0.23814907916256453,0.007948476449843804,0.5253568196508522,0.1926842573528279,0.19241854444364417,0.7282444702725234,0.32919160907249384,0.005891066748671626,0.6303346617662078,0.18657918066937268,0.20308445549196852,0.8411298829190972,0.1874476853021655,0.12355702945607988,0.8155629815305827,0.14481695896183938,0.044029603420191264,0.7899960801420681,0.10218623262151329,0.13462237889949824,0.9110990178234374,0.09150662774635294
0.17393345827194703,0.10373644404410483,0.20452599410928438,0.06331156497661582,0.1047522450963262,0.1986587159956933,0.19527792082413664,0.1239683709468083,0.23230708196005537,0.041626863496115635,0.1277752548072245,0.22512466978455792,0.1766880242085791,0.32113445981737443,0.16055432611032247,0.07698063758721091,0.32659961343906896,0.18706346812228533,0.1849035302817255,0.6135829858415047,0.210114655515327,0.11813295731489337,0.6099069833645021,0.20609156719659583,0.051362384348061264,0.6062309808874995,0.2020684788778646,0.12418649404569648,0.7023329409086354,0.1885277670836556,0.23074888247180947,0.6912180303457836,0.1812098838355303,0.0059889424981727345,0.4579365799377799,0.1845465690841055,0.248956668650077,0.6986869595135426,0.23635808461810617,0.007100775900128828,0.5246355236565468,0.1928978283829052,0.19472981662693042,0.7330566214722102,0.33128378002640363,0.005733061054409742,0.629218088193424,0.18458585105531783,0.200703309679442,0.8427167867751341,0.18671980573726576,0.12267483099645106,0.8154497441163616,0.14332275177976955,0.044646352313460126,0.7881827014575893,0.09992569782227335,0.1355278568647483,0.9107454010796792,0.09093117100785118
0.1735317726847568,0.10376365613589437,0.2046434450086857,0.06330278688249016,0.10471186586334816,0.1986508157109802,0.19465432501744975,0.12407792156149655,0.2329259375959144,0.04151573282448478,0.1276783446480772,0.22501617254116474,0.17757522618185953,0.3211597407284563,0.1612340139384723,0.07678234044091226,0.3266317412635689,0.1878126784559104,0.18422041899686661,0.6133451872716407,0.2113197122768976,0.11761641036606892,0.6096292883568368,0.20647907616177308,0.051012401735271204,0.6059133894420332,0.20163844004664858,0.12342708858275117,0.7020592148535285,0.18833093713308935,0.226899995431002,0.6991817806794061,0.17943877167426653,0.005360738192069889,0.45684133713372144,0.18641590811863543,0.24813424901144396,0.7069582942653281,0.23353636626141278,0.006244121694405667,0.5238331180725201,0.19296392743167143,0.19861043647800214,0.7367917005226784,0.3323134504673435,0.005647211293860797,0.6279949485579545,0.18294399633005443,0.19849122995977572,0.8439255303362374,0.18584024070587465,0.12147793786241733,0.8154215664342183,0.1421758937822521,0.04446464576505897,0.7869176025321993,0.09851154685862953,0.13593940902973575,0.9104459276204883,0.09051940816860472
0.1734592656272789,0.10373363505398463,0.20486114174300207,0.06330542031072786,0.1046764023630805,0.19861166541117975,0.19430407906183592,0.12407107464807852,0.23349844489478994,0.04147201791573899,0.1276235693407331,0.22494032980791906,0.17819697858878003,0.321169221070112,0.16218915836028536,0.07665277577161751,0.32664464506193364,0.18833120047591315,0.18361973401584772,0.613017588798871,0.2124165351378988,0.11714226161187138,0.609211626638338,0.20668198180748773,0.05066478920789507,0.605405664477805,0.2009474284770766,0.12271914783165119,0.701810543987083,0.18829090902387635,0.2239826836292802,0.7056134024643357,0.17617239895963782,0.004264047002480559,0.4560991053849262,0.18793315779778513,0.24787722641544463,0.7126106846347231,0.22957384679214865,0.005385097403268588,0.5230683705122926,0.19298499485757298,0.20423754593631518,0.7390611889779265,0.3319607466453745,0.005493419084779234,0.6269665070501921,0.18184462782175675,0.1964771840435843,0.8448919984994725,0.18500386389758175,0.12000927493425317,0.8155577146741072,0.14143300367639747,0.04354136582492206,0.786223430848742,0.09786214345521321,0.1359694301116455,0.9102228235801906,0.09021034903062848
0.17374279806753767,0.10373152831139446,0.20506040447965457,0.06338214085338613,0.1046472590905833,0.19853880722993678,0.1941497601671068,0.12407897493279162,0.23398826254700175,0.041468857801853755,0.1276341030536839,0.2248170853663948,0.1785261571184923,0.32122583977722247,0.163441090144487,0.07656982278213004,0.32667334942972454,0.18864694852161312,0.18313202310622603,0.6127373920343799,0.2136837408058791,0.11646257378372156,0.6088407082710583,0.20694295454584358,0.04979312446121705,0.6049440245077365,0.20020216828580806,0.12189804490713695,0.7015886588478552,0.18837999413911735,0.22163537736960806,0.7102340156502007,0.1715234764202177,0.0029490446119860812,0.4555979639912923,0.18908738939436812,0.24698396755721747,0.7154892850413508,0.22446051918301047,0.0045247563980126615,0.5225114004400194,0.19300105876982296,0.2113500844825724,0.7398236542336813,0.33010839322297775,0.005342435865817901,0.6262949828495791,0.18130021042408334,0.19511464827339933,0.8452996531906682,0.18340221284341388,0.11860144419837984,0.8156664752603243,0.14064007843402662,0.04208824012336032,0.7860332973299803,0.09787794402463941,0.1356408836047103,0.9101524583776792,0.08997660594025042
0.17397699761881028,0.10371379656126063,0.20531970938012653,0.06351627013162621,0.10464532790987567,0.19847420045717193,0.19404916320842674,0.12410425584387352,0.23433850850261556,0.041518892938370015,0.12768150476196244,0.2246869940114525,0.17871576395160654,0.3214265070089351,0.16478045174618017,0.0765482286705809,0.32672838807989235,0.18876808622054725,0.1824752461037442,0.6125354080885484,0.21499281798283873,0.11586820903047311,0.608526276939477,0.20722920819528134,0.04926117195720206,0.6045171457904057,0.19946559840772396,0.12085723882679193,0.7015369684135895,0.1886019545191519,0.2191487627561618,0.7126834989254954,0.16586358078034533,0.0015294951204549807,0.45515344130476887,0.18989888030581475,0.24703031589420096,0.7160196574884232,0.2179122365271507,0.003702600102203365,0.522100058949291,0.19313273018170785,0.21977968827144362,0.739214981187008,0.3265815305651701,0.005179338876963115,0.625934378742897,0.1813344449911734,0.1942450902693115,0.8453396812998812,0.1815830406168121,0.11720809731781384,0.8158081536995124,0.14008468841869615,0.04017110436631619,0.7862766260991436,0.09858633622058016,0.13501865718070702,0.9101997547488283,0.08984019435753765
0.17425930112589152,0.10371906341773603,0.20552722352525715,0.06366023087528704,0.10467815798190563,0.19836552765189625,0.19403757612418088,0.12410794264340629,0.23466400023279504,0.041602635956328814,0.12778104834934742,0.22454110208708405,0.17877685948672112,0.3216998568600081,0.1661938126813527,0.07647844282228192,0.3268568993778921,0.18849710645488812,0.1816860076609061,0.6126249446486303,0.21609464435749157,0.11522354579788464,0.6084950708148604,0.20726423279084272,0.04876108393486321,0.6043651969810905,0.19843382122419387,0.1198634582506915,0.7015482545346082,0.18881503648398507,0.2163886666202305,0.7129725176745828,0.15998353053980144,0.0,0.4548831198961691,0.19034537806351642,0.24708825131543033,0.7145349306480091,0.21066082853182558,0.0030113251898076475,0.5219051852597014,0.1934576952262398,0.22897263512548222,0.7369012511373667,0.32118282711600676,0.004995350024089298,0.625713697456578,0.1819355688768986,0.19395857327704996,0.8448677709596857,0.17932250581757217,0.11589849345520663,0.8159345582549219,0.13965780970136527,0.03783841363336333,0.787001345550158,0.09999311358515843,0.13407894464836687,0.9103778798348261,0.08983745559217045
