left_foot_X,left_foot_Y,left_foot_Z,right_foot_X,right_foot_Y,right_foot_Z,left_ank_X,left_ank_Y,left_ank_Z,right_ank_X,right_ank_Y,right_ank_Z,left_knee_X,left_knee_Y,left_knee_Z,right_knee_X,right_knee_Y,right_knee_Z,left_hip_X,left_hip_Y,left_hip_Z,hip_central_X,hip_central_Y,hip_central_Z,right_hip_X,right_hip_Y,right_hip_Z,spine_X,spine_Y,spine_Z,left_hand_X,left_hand_Y,left_hand_Z,right_hand_X,right_hand_Y,right_hand_Z,left_wrist_X,left_wrist_Y,left_wrist_Z,right_wrist_X,right_wrist_Y,right_wrist_Z,left_elbow_X,left_elbow_Y,left_elbow_Z,right_elbow_X,right_elbow_Y,right_elbow_Z,left_shoulder_X,left_shoulder_Y,left_shoulder_Z,shoulder_center_X,shoulder_center_Y,shoulder_center_Z,right_shoulder_X,right_shoulder_Y,right_shoulder_Z,head_X,head_Y,head_Z
0.6974720875205581,0.37139528100589353,0.674340121364635,0.7654525601660277,0.3721586722410026,0.04910935541863907,0.7486258957768038,0.39841506665876436,0.6745304706760213,0.8113709187481771,0.3953019887990551,0.07350643126055358,0.6557581326244792,0.6234993694698234,0.5759325950540961,0.7193071935412899,0.6370689285993445,0.025090830826121586,0.7998573162422047,0.7361337045467012,0.38207600940966746,0.812888344805829,0.7381582174886752,0.31408618035163177,0.8259193733694535,0.7401827304306491,0.24609635129359617,0.74077527401054,0.7971358491679332,0.3225025254425618,0.5821055265905565,0.6909314949853925,0.20642868984087476,0.5374395468379559,0.7006391564822883,0.3172998779923802,0.5992963241507967,0.6782349965169604,0.2976581604912504,0.539760397305795,0.7227267322584933,0.23508554092519401,0.6182514957069097,0.6938764641865363,0.3539793671367533,0.5840049805973568,0.7398284138236364,0.12724905150517993,0.6414419010954182,0.8665246700683515,0.455335185964375,0.6205958138980705,0.8732763187295992,0.3541307058318121,0.5997497267007228,0.880027967390847,0.2529262256992492,0.5145702964761849,0.9445878276324253,0.3811645414419134
0.6973446255723211,0.3713472718725624,0.6743048430877463,0.7656722057856129,0.37225070252853837,0.049244179789878925,0.7486811139493251,0.3983530995984903,0.6745863023837931,0.8109027913522452,0.3951694651850036,0.07347084621603976,0.6561507951846318,0.6239589073722519,0.5769630275068713,0.7181632570672205,0.6368495897473843,0.027101385841152546,0.8002803487972441,0.7365969236606311,0.3834067673674344,0.813034979730636,0.7389012086767137,0.31527199060652994,0.825789610664028,0.7412054936927963,0.2471372138456255,0.7409229607100616,0.7977735752366094,0.32406169380920324,0.5824109137613626,0.6921367849844857,0.20804336123568945,0.537721619669253,0.7005009576671721,0.3181844424394113,0.5992414127459004,0.6790169471933891,0.2994548984715733,0.539847826078954,0.723117554212895,0.2361211884275963,0.6182609032474136,0.6943580893579734,0.35565002362315234,0.5837749048785175,0.7414872086285307,0.12842274443888585,0.6414811673514333,0.8669191732342548,0.45722916928186075,0.6205755672348127,0.8739435383142334,0.35611641266920846,0.5996699671181919,0.880967903394212,0.25500365605655617,0.5144982674378069,0.9448996262465964,0.38314761007773374
0.6973562827420755,0.3713385289952465,0.6743255499024418,0.766036799108067,0.3723571508944547,0.049282832510643935,0.748788482618117,0.3983248769769794,0.6747445944783546,0.8121666739677362,0.3956799265132019,0.07280086572277951,0.6565900864238025,0.6244184452746804,0.577958488450383,0.716244118804475,0.6372462402866634,0.02848766873906605,0.8007736311384356,0.7370773217615678,0.3847126771475667,0.8132096838931414,0.7395514026581539,0.31653832736302184,0.8256457366478471,0.7420254835547399,0.248363977578477,0.7410839698893027,0.7984538981812309,0.32561402564019915,0.582745443856555,0.6934476030466198,0.20939681999771523,0.5380441858270658,0.7004825516096651,0.31891485615482,0.5994834524021194,0.6798780439170987,0.30068319604255045,0.5399272788938598,0.7236577720007299,0.2370930282639738,0.6182124339626447,0.6948881838141794,0.35717179555549344,0.583557713399933,0.7433055225984871,0.1295205635133123,0.6415382261297056,0.8673578509381752,0.45904768776356714,0.6205982680390714,0.8746294707239999,0.35802266669169897,0.5996583099484374,0.8819010905098246,0.25699764561983074,0.5144205938751267,0.9452470099052812,0.3849550849249358
0.6973665594575171,0.3713414432876851,0.674377086863462,0.7664368240912224,0.3725275603102084,0.04943284187932721,0.7488915565401569,0.39827395355120954,0.6749047271786668,0.8128446304192496,0.39605479655109754,0.07216892441503402,0.6570232423104706,0.6248439319707206,0.578983092318281,0.713793352247398,0.6372207785737785,0.030667559483162826,0.8013126218557699,0.7375626281445062,0.3860256425830767,0.8134228873925992,0.7402735336476843,0.3177816565476298,0.8255331529294285,0.7429844391508624,0.24953767051218292,0.7412855600429524,0.7992304585122469,0.3271507561462603,0.5830953123330034,0.6948493777096019,0.21049688870139255,0.5384273385908397,0.700569980382824,0.31949602742060823,0.5996270196506752,0.6808403739570974,0.30186149049063316,0.5400929334114242,0.7244903393353033,0.23784246157213992,0.6181036337116025,0.6954518181973983,0.35855306791552993,0.5833327504748458,0.745207686385976,0.13037030983489237,0.6416130774302348,0.8678400896448626,0.4608809310912793,0.6206761870158517,0.8753638724185351,0.35988965445817417,0.5997392966014687,0.8828876551922078,0.2588983778250691,0.5143458652816477,0.9456362366680326,0.38662291914918373
0.6973848121312117,0.3713340808646823,0.6744306178140451,0.7669705997589298,0.3727461322431058,0.04950385858454226,0.7490050605614511,0.39822241659018953,0.6751004449234929,0.8137778175348621,0.3965922534303063,0.07114800175863745,0.6574444342597594,0.625264510384759,0.5799113711518916,0.7106118652072871,0.6371005256647319,0.033297171565684264,0.8019215555916316,0.7381304550186017,0.3874312518413727,0.8136606323020665,0.7410665279586174,0.31906655274544143,0.8253997090125017,0.7440026008986329,0.2507018536495102,0.7415464878200896,0.8000977344124052,0.3287333265003036,0.5834832199949667,0.6962801419131576,0.2113762380987966,0.5388423951876259,0.7008463780130564,0.3199047952810795,0.5997113807475829,0.6818729537832485,0.3028894688024074,0.5403306783208914,0.7255456199657132,0.23849372924026793,0.6179289806770346,0.6960628993066358,0.35985396715778534,0.583379992689114,0.7474245937568372,0.13126484422973983,0.6416124638949844,0.868353618649312,0.46256263121218255,0.6207789541702666,0.8761415283482122,0.36166154426086244,0.5999454444455489,0.8839294380471125,0.26076045730954245,0.5142451227935585,0.9460846082289067,0.38812743028981816
0.6973921745542145,0.37133270041036925,0.6744764795740005,0.767731536853038,0.373148304599637,0.04908389370575415,0.7490774577209792,0.3981880586161762,0.6752618046943055,0.8151674748766518,0.39766900779447456,0.06911842715084907,0.6578613314622963,0.6256243488090238,0.5806982301103223,0.7065048602421918,0.6367790331936068,0.0365403188984441,0.8026611723357938,0.7387139270415785,0.38892858461957935,0.8139650991699973,0.7419268577632641,0.32041587014452805,0.8252690260042008,0.7451397884849496,0.2519031556694768,0.7418825298414342,0.8010545864590983,0.330365856153295,0.5839344751715169,0.6976891256153298,0.2121425436263443,0.539070476916902,0.7014821539161159,0.32015251013836327,0.5996767160059445,0.6829374374424121,0.3038487311661551,0.5405678096951086,0.7268791388321063,0.23910603742000577,0.617708721522199,0.6967523084161534,0.3610659037887561,0.5835209012849186,0.7497507104022408,0.1319579345507591,0.6415566321872127,0.8688769642177654,0.4641639582153045,0.6209363259619528,0.8769532354842776,0.363364411347899,0.6003160197366928,0.8850295067507898,0.2625648644804934,0.5141132127147573,0.9465744547726971,0.38946101050973614
0.6973684000632678,0.3713339274808697,0.674503781892636,0.769028090220604,0.37361535830888093,0.04834596418352998,0.7490774577209792,0.3981279321616528,0.6754084396191125,0.8171228117191615,0.39945562244316857,0.06570226287752207,0.6582481654375716,0.6258633207889917,0.5812372208276566,0.701492890782995,0.6361182557291002,0.04055069206162696,0.8035710451118973,0.7393602864277047,0.3906357464533675,0.8143531602157731,0.7428677140695046,0.32191489014467284,0.8251352753196489,0.7463751417113045,0.2531940338359782,0.7423056938683129,0.8021488704018448,0.33206403407806173,0.5844743861917266,0.6991102266386944,0.21286222047487385,0.5395412118376474,0.7022802098928633,0.32032291955411696,0.5995506345120205,0.6840887363394843,0.3046880473884811,0.5415672586177468,0.7280420948989331,0.2386934349642205,0.6174743510566081,0.6974476483664237,0.36213590926517175,0.5837689740377651,0.7522531161762128,0.1325520411847399,0.6413418948496293,0.869411353420723,0.46567141432514014,0.6210943112888891,0.8778511443230014,0.3649372089618849,0.600846727728149,0.8862909352252797,0.2642030035986297,0.5139657188406,0.9470726453958905,0.39065899943935156
0.6973280601205647,0.37133500116755763,0.6744962660858206,0.7705643824872007,0.3744275255963839,0.047241293965475904,0.749025307224709,0.39809970954014184,0.6755084458649013,0.8198493623712205,0.4016760065137811,0.06151795247089667,0.6586420550682245,0.6260335768209327,0.5815326380506464,0.6958075663866614,0.6350092907642945,0.04548781022029473,0.8048502661086442,0.7402723065771839,0.39234628273103195,0.8148935313874204,0.7440403333165225,0.32347894488134293,0.8249367966661968,0.7478083600558613,0.2546116070316539,0.7428342106624468,0.8033597260421366,0.33388290315133967,0.5849929768619906,0.7005100073121132,0.21355244763139197,0.5400637904870378,0.7033884079386064,0.32034025192493626,0.5993263873780584,0.6852888112889505,0.3054902447281677,0.5420519514654352,0.7298274824771265,0.23892320391543473,0.6172277098860122,0.6981765282437068,0.3630862753677909,0.584285775230216,0.7549673961232671,0.13294409020964215,0.640939415725473,0.869908316973416,0.4671034055991964,0.6212265281353155,0.8788398563787604,0.36637686942656916,0.601513640545158,0.8877713957841048,0.2656503332539419,0.5137988372525352,0.9476220048589538,0.39164310998073376
0.6972952359846769,0.3713442041963112,0.6744625216470574,0.772124909396182,0.37552406647237235,0.04548949744223295,0.7489271415846709,0.3980598297488764,0.6755170353584046,0.8215083616878649,0.4043050050610523,0.05668943005152103,0.6590614064117625,0.6261697816464857,0.5816620939884467,0.6891000922634309,0.6337227073445446,0.05099122141493254,0.8064798157332772,0.7415187034380429,0.3942930300800382,0.8156020112176332,0.7455097502408433,0.325234882767525,0.8247242067019892,0.7495007970436437,0.2561767354550119,0.7435733453431983,0.8047778689491161,0.33571789943690966,0.5856301332193631,0.7019607114113017,0.21424114094978447,0.5406314639773209,0.7048263811813524,0.32026693446253274,0.5991423268029868,0.6865355149174347,0.3061728026940579,0.542672235603426,0.7318220855756514,0.23905020571223407,0.6169530506056555,0.6989180878494948,0.3640552520396673,0.5849238518904638,0.7577460972715965,0.1332271344717521,0.6401970380726847,0.8704144835548625,0.4683452009456787,0.6212308228820672,0.8799660003305729,0.36764504678881177,0.6022646076914497,0.889517517106283,0.26694489263194476,0.5135918304591048,0.9481901385006745,0.39252439201417616
0.6973188570918111,0.371348805710688,0.674461294576557,0.7735177877980356,0.37681862585037523,0.04359781488193561,0.7487976856468704,0.3980003168296033,0.6754115072953637,0.822780220261609,0.4084071017441458,0.050150984889731146,0.6595921144032186,0.626322551923795,0.5817323437745989,0.6816634314952922,0.6325787708704753,0.0569679750551292,0.8081253172744164,0.7431958020445695,0.39761992497445553,0.8163640219984292,0.7472730505500284,0.3278649550014842,0.8246027267224421,0.751350299055487,0.25810998502851284,0.7443473638853204,0.8062613971841922,0.3377432669458393,0.5863935244544721,0.7034565103513828,0.21498244491588495,0.5412497541257485,0.7065048602421918,0.32039224903739394,0.5992812925371659,0.6877702546085394,0.30648815981268035,0.5433695184153219,0.7340111793485017,0.23896829875632727,0.6167219523280657,0.6996635331785344,0.3648710494107342,0.585758873366038,0.760548112759435,0.133347796404299,0.6390527948309901,0.8708654319637877,0.46939864097033795,0.6211090361348949,0.8810087034883529,0.36864756338770116,0.6031652774387996,0.8911519750129181,0.2678964858050644,0.5134355016773441,0.9487149565537285,0.39327376396881725
0.6973854256664619,0.3713248778359287,0.6743738658033981,0.7744587974880885,0.3783394263519035,0.04143663696297108,0.7486185333538009,0.397948166333333,0.6751863398585263,0.8230072283041973,0.41259079861552095,0.04389906068980262,0.6602851024683628,0.6265145884571196,0.5818271349707608,0.6735138427663765,0.6310418650686284,0.0637487666407632,0.81088929357674,0.7445630653497255,0.39964060332111545,0.817788804233295,0.7488648677567716,0.3300388637768911,0.8246883148898502,0.7531666701638177,0.2604371242326668,0.7453075465519434,0.8078826202590007,0.33957729910458745,0.5871859052301549,0.7050518553858149,0.21572558948773612,0.5419453497157062,0.7086263117537034,0.3200933039867153,0.5992340503228976,0.6890746305505461,0.30707746042053424,0.5445140684246416,0.7367861992853297,0.2386155159874402,0.6163566943424239,0.7004157273953264,0.365722636338065,0.5867726381111819,0.7634260021065529,0.1332668097512675,0.6375625177081612,0.8712636163411924,0.47024286547466587,0.6207268036739964,0.8821320865315393,0.3694488404245124,0.6038910896398315,0.8930005567218862,0.268654815374359,0.513260276009876,0.9491724084363061,0.3938525731238921
0.6973368029978807,0.3713489590945005,0.6742577542572905,0.7749574482627198,0.37989504497888277,0.03901608701696833,0.7484596277239892,0.3979131948240694,0.6749900085784499,0.822218835507641,0.4176125846387217,0.03628876944584641,0.661114602126685,0.6268434433512474,0.5820056737285801,0.6650854022662275,0.628556740537538,0.0713740894983503,0.8140713941521011,0.7461054929688248,0.4016048364247535,0.8194091508291745,0.7507451999149395,0.33203147288585266,0.824746907506248,0.7553849068610543,0.2624581093469519,0.746503151458872,0.8095906147477712,0.34166331895539775,0.5878908572326788,0.7067326352038429,0.21641689033094216,0.5427182507471939,0.7110105097361296,0.3196495646169804,0.5991901825525054,0.6902731716618867,0.3076336301248753,0.5453901967619819,0.7392713238164199,0.23822438726541328,0.6161309133703362,0.7011362222908564,0.3664956907533653,0.5879487851858888,0.7662429469521472,0.13292568415213502,0.6357489075084568,0.8714875567075295,0.47081038558113636,0.6202028445702928,0.8832465733135972,0.36981450743365446,0.604656781632129,0.8950055899196651,0.2688186292861727,0.5131757308523932,0.9494845751716274,0.3941427752972548
0.6973090405278073,0.37135310045743963,0.6741425630140583,0.774747772590951,0.38134298816944523,0.0363367785791775,0.7483160604754335,0.39793896330457945,0.6748311029486381,0.8200775974843092,0.4216570090082927,0.029267472042118936,0.6621207999370758,0.6272057359165132,0.5822915811551912,0.6566281256093173,0.6247525152184352,0.07984394362789042,0.8172366225080807,0.7479482460929155,0.4041003910550979,0.8210810343860739,0.7528437972383798,0.3341773124235612,0.8249254462640674,0.7577393483838439,0.26425423379202456,0.7477786035962246,0.8113123699557258,0.34331705939846874,0.5885244857623624,0.7084835114242104,0.21711064531514915,0.5435505113141422,0.7136094450561392,0.31909676935651565,0.5991834336647528,0.691334894412424,0.30821004649247424,0.5461604902686561,0.7417561415798852,0.23789399853315993,0.6159720077405245,0.701765709457601,0.36723500072990245,0.5893449869036811,0.7689574314109515,0.1324814846309625,0.6336812937151536,0.8715771328540641,0.4706643641915796,0.61955188366979,0.8839545929923723,0.3700433560819934,0.6054224736244265,0.8963320531306803,0.2694223479724071,0.5131429680700305,0.9495712063489611,0.39430278529051693
0.6974559822202393,0.3713903727238916,0.6740839703976605,0.7739891362540313,0.3825913790198677,0.033553936067909,0.7482160542296447,0.3979064459363168,0.6746777191360785,0.8168473343918045,0.4249228571453113,0.02265049436829859,0.6632816086305268,0.6277195716885877,0.5827351671411135,0.6484018449741217,0.6192233355432873,0.08917121326963859,0.8210313380308046,0.749318883841948,0.4062048169634153,0.8231693549940726,0.7547181474278578,0.33617068845158554,0.8253073719573407,0.7601174110137676,0.26613655993975577,0.7490959514263793,0.8129881100199123,0.3449355653885974,0.5889967545212333,0.7102084657802556,0.2179051734642078,0.5444349223773608,0.7163217310136303,0.3183685030144827,0.5992530699156549,0.6922809657682915,0.30876928387306646,0.5471599391912944,0.744371335584026,0.23710069745460183,0.6157558388206904,0.7023782221490887,0.36804384470146667,0.5908886415932808,0.7715596389189624,0.13187797045647803,0.6311768428236807,0.8717575122176343,0.4709496580829404,0.6188401827795136,0.8847000383214118,0.3703814140048747,0.6065035227353464,0.8976425644251893,0.269813169926809,0.5131457903321816,0.9493945081968924,0.394307938986619
0.697404905410657,0.3714195156482779,0.6739689325382408,0.7730671461567356,0.38386507819936244,0.03096665791765405,0.7481160479838558,0.39790092411906464,0.6744869096732545,0.8131151994646048,0.4277481869726588,0.016978360979845248,0.664546104781268,0.6283147008813189,0.5832977789655821,0.6407660920172806,0.6121600109749187,0.09923227107067181,0.8248064204255211,0.7506281680659566,0.4080696573565147,0.8252601297430725,0.7565556855023216,0.3379100608860112,0.8257138390606237,0.7624832029386867,0.2677504644155077,0.7504923576559216,0.8146453563786992,0.34648938723377243,0.5893679433476275,0.7119142471597306,0.2187866702349877,0.5453220943492054,0.7190551839372545,0.3175624710794822,0.5993843664592059,0.6931080112856128,0.3094018387160622,0.5482753462762276,0.7468481773892381,0.2361580005426106,0.6157691320844456,0.7029357211798054,0.3686837619674653,0.5926905946232307,0.7742430375917547,0.13118181245920763,0.6293350100024652,0.8718342041239141,0.47094168212468734,0.6185628648464059,0.8851350348138308,0.37071088243425265,0.6077907196903464,0.8984358655037474,0.270480082743818,0.5131941369099003,0.9489930107291366,0.39423541912004084
0.6973509143086359,0.37147227967979846,0.6738603367989486,0.7719905451763799,0.38521853696138814,0.028633996896247845,0.7480049981035626,0.39796534532033967,0.6743175739441887,0.8090253734865159,0.4307011321320559,0.01204001575067696,0.6659382162640588,0.628945721886189,0.5838855457353104,0.6334883368789537,0.6037321840100198,0.1100949126761414,0.8286155540266258,0.752045127726382,0.4094537928810524,0.8272239026952728,0.7583378520204515,0.33923483687508826,0.8258322513639196,0.7646305763145208,0.26901588086912426,0.7519491532836662,0.8162061024074125,0.34806363103799104,0.589642193604484,0.7134692522514597,0.21977891011843567,0.546258042373444,0.7218668626052843,0.3165717650341598,0.5995331487573887,0.6938691017635336,0.3102267368600076,0.5494223504265482,0.7491547631625093,0.23515579071134632,0.6154104184748063,0.7033966906644846,0.36969629964210854,0.5946377509957371,0.7767159936737155,0.13049322139669012,0.6276815325030729,0.8718980117899389,0.4709024158686721,0.6185959957499186,0.8853141871069004,0.3711013976210294,0.6095104589967644,0.8987303624238618,0.27130037937338664,0.5132835903493851,0.9484290491271172,0.3940833850850317
0.6973062796191812,0.3714923729592438,0.6737313410125859,0.7706708308531172,0.3862966717798694,0.026811797203040066,0.7479460987195398,0.39803651540936735,0.6741494652856235,0.8049429099314301,0.4329344004429234,0.008945343948474845,0.6673152961332186,0.6296230648024522,0.5845454028969417,0.6271753659216263,0.5938337130502997,0.12187264210734143,0.832109330509108,0.7535182258622042,0.41046029745906837,0.8290549986496091,0.75995635801058,0.34030898371444307,0.8260006667901101,0.766394490158956,0.27015766996981777,0.7534021800520161,0.8176075045668497,0.34953848213167116,0.5898869941693292,0.7148322208098641,0.22094662108345173,0.5470295629506187,0.7244090459146467,0.3156580576627424,0.5996846919641975,0.6945041107475302,0.3110246394529425,0.5506107682062599,0.7513791352122482,0.23407811604430268,0.6152868933777582,0.7038523428436615,0.37059901450695926,0.5966626218332737,0.7790819901103846,0.12990361402121106,0.6263354361640501,0.871937278045954,0.47083738113214685,0.6186677793741966,0.8855777004968777,0.37130938607086017,0.611000122584343,0.8992181229478013,0.2717813910095735,0.5134638470059051,0.9476913343422307,0.3938528185379922
0.6973015247209918,0.3715293384580706,0.6736472866833033,0.7691780995892873,0.3873735795278503,0.024952785394817878,0.7479135813512772,0.3980911200466385,0.6740120333895699,0.8003898648394115,0.43536154589286624,0.00593043172880371,0.668935029193848,0.6301862901621709,0.5849899091857395,0.6218167490460448,0.5828796546925447,0.13449459604286942,0.8352889769434682,0.7550940911524413,0.41105481311654923,0.8303596813592408,0.7614464817495964,0.34082082549695436,0.8254303857750136,0.7677988723467515,0.2705868378773595,0.7546499354552154,0.8189256412280402,0.3508746742587973,0.5901070999403522,0.7159678745580553,0.222251150409271,0.5476682531461168,0.7267533641058075,0.31442224428494986,0.6000724462423482,0.6951342114495249,0.3119154926362886,0.551442722005583,0.753494297987445,0.23304584298577669,0.6155134923968463,0.7042521633150668,0.3713591846820046,0.5990462062804496,0.7813334599670091,0.12926758247846398,0.6251881252461043,0.8719544570329608,0.4710005815087102,0.6188917197405336,0.8857875295524593,0.37165511318436945,0.6125953142349627,0.8996206020719577,0.2723096448600287,0.513718341427704,0.9469588959604962,0.39357108315108275
0.6973397172903192,0.3715676844112105,0.6736409979469884,0.7673319720213203,0.388478403129717,0.02317966852162912,0.7479951815395588,0.3981291592321533,0.6739623370343008,0.7952821838811774,0.43749542149319515,0.0032860948002764803,0.6704069002591697,0.6308200720756671,0.5856703197782538,0.6179658950479239,0.570969094879668,0.14754080960393723,0.8381287248491961,0.7568791719630098,0.4113996199271832,0.8311489944586725,0.7627392005218486,0.3411352623127015,0.8241692640681486,0.7685992290806873,0.27087090469821984,0.7557386975807096,0.8202262483106526,0.35217940079237553,0.5904390225107311,0.7168685443054051,0.22359832043498182,0.5482185942655806,0.7288778832935702,0.31346988419276745,0.6007209530018501,0.6957413045796358,0.3128572692454044,0.5528888245903947,0.7554806183600914,0.23147427244229118,0.6153879221822974,0.7048292954737909,0.3724795000489397,0.6013475770040936,0.7834274557760725,0.12904568722962778,0.6244555641573198,0.8720563038845004,0.4713048949928284,0.6193727313767204,0.886085094148825,0.37218336703482463,0.6142898985961209,0.9001138844131493,0.2730618390768209,0.5140433924032802,0.9462616745021254,0.39334800173409606
0.6974118076822222,0.371583176176279,0.6737446854042787,0.7654189691110771,0.38952754840762455,0.021831884960668103,0.7481681984801261,0.3981193426681495,0.6741163343821105,0.7902567166464753,0.4392188420111146,0.0017639138444351925,0.6718922690999966,0.6313955681403907,0.5863274160312589,0.6161749856524782,0.5582707558054854,0.16052658994285657,0.8407528151144655,0.7589639647433197,0.4115419601052385,0.8315842977187166,0.7640932728191246,0.34141672160874836,0.8224157803229675,0.7692225808949296,0.2712914831122582,0.7566320925529497,0.8214945133207883,0.35335291843029565,0.5908921182930321,0.7175995715560641,0.2249869040900837,0.5485368656766417,0.7307089792479065,0.31274069754785916,0.6002663233814235,0.6966517908909895,0.3148994213258227,0.5541229507462491,0.7574273657090977,0.23065489611559792,0.6157045063714205,0.7052831070472172,0.3733965307362959,0.6040755592384033,0.7854664379243645,0.12888391843531502,0.6240040022131444,0.8722538622350771,0.4720534079981192,0.6199862666269588,0.8864391039882124,0.3729840305363857,0.615968531040773,0.9006243457413475,0.2739146530746522,0.5143067217326825,0.9456860557303519,0.3931039374115513
0.6975174891290757,0.3715977476384722,0.6739870318281228,0.7635998370941205,0.3904958604163131,0.020918330973063212,0.7483473507731956,0.3980113604641075,0.6744335321064838,0.7851159047847284,0.441155772796117,0.0006386901954981321,0.6734573975233545,0.6318636955363226,0.5869277602736171,0.6155000968772161,0.5455432738069164,0.17291263957466796,0.8431345589558907,0.7610662432782613,0.4114315237601956,0.8312951692320417,0.7654971948554824,0.3412955483968263,0.8194557795081927,0.7699281464327037,0.27115957303345695,0.7572153016322475,0.8227506829217048,0.35468306285281237,0.5914855602638251,0.7182238436731816,0.22637656143187346,0.5487224600898388,0.7323060115042769,0.31216612178601094,0.6007470282499853,0.6973349623921299,0.31622649807208825,0.5554527884011407,0.7591409696630134,0.2299631351209542,0.6155723917808692,0.7059197521252146,0.3748174783758479,0.6069495628622696,0.7873013173460772,0.12904302857687677,0.6240684234144195,0.872742849829517,0.47302402076399624,0.6207878504313951,0.8870262572226905,0.3739524959288869,0.6175072774483708,0.9013096646158639,0.27488097109377757,0.5144430492652855,0.9453202660141596,0.3930109254676151
0.6976697992549474,0.3716049566776625,0.6741870443197006,0.7618787173333894,0.39153120115109036,0.02029743329982206,0.7486424612285603,0.3979585964325871,0.6749605588864385,0.780143815116797,0.4427417614179831,0.0,0.6749743634295688,0.6322588122374759,0.5875983543021276,0.6159998213385353,0.5331510888226025,0.18470570738712397,0.8451193454904117,0.7631792586800821,0.41122445561324017,0.8310232197323736,0.7663926495532052,0.3416349867740206,0.8169270939743354,0.7696060404263285,0.2720455179348011,0.7574918307343192,0.8239078104036542,0.3557754185419153,0.5921237903078855,0.7187407471215074,0.2277248051442722,0.5491192640129304,0.7336114611329714,0.3117197748914626,0.6013547349153463,0.6980202812666461,0.31785390032334543,0.5569820250123597,0.7607435237366359,0.22938855935910601,0.6157783351131991,0.7066637658720035,0.3761089700775995,0.6100108992492088,0.7890157393469932,0.1294702536227927,0.6241365258271959,0.8732784661029751,0.4746032604981097,0.6214501617340273,0.8876830467080706,0.37527466439315044,0.6187637976408588,0.9020876273131662,0.2759460682881913,0.5145181459799146,0.9451292111372355,0.39295509375984344
0.6978586147282082,0.3716189146046054,0.6744520915478035,0.7602517752335699,0.39246101382282655,0.020148651001639227,0.7489786785456909,0.39793528209307805,0.6754998563713981,0.7763533943408245,0.4440234365557309,0.0007478994700405528,0.6765002255969116,0.632688900447893,0.5883941095216868,0.6176658763105574,0.5217525241760498,0.19507046513702514,0.8468010456113149,0.7652232513662511,0.4109296519255007,0.8302145802725595,0.7672061972950213,0.34180094805921013,0.8136281149338039,0.7691891432237916,0.2726722441929196,0.7575047149745742,0.8249432826102708,0.3569616451243046,0.5928851875534313,0.7192211452224441,0.22911630309181277,0.549178623548391,0.7347725765940474,0.311473747256117,0.6019961860194705,0.6988755494054782,0.31927975624489924,0.558187621779078,0.7622506730788464,0.22921124767178713,0.6160951238140723,0.7075728206011066,0.37743829645311594,0.613149336565928,0.7904984495350692,0.13018318158356967,0.6243451278122769,0.8740883326332898,0.47656780036937285,0.6220189089109983,0.8885091719225164,0.3769299824982935,0.6196926900097197,0.9029300112117432,0.2772921646272142,0.5144809657437501,0.9452368252201273,0.39304957818838016
0.6980692107028527,0.371646216923241,0.6746677491882622,0.7586719219642062,0.39343852886026875,0.020271971586937214,0.7493633651475903,0.39786902028605226,0.6760409944621082,0.7724016137940396,0.4453075658344798,0.0019461338137559915,0.677907061925708,0.6331677647107041,0.5893128785589187,0.6195383858942848,0.5113712009743921,0.20471339866502095,0.8481406998302103,0.7670463713623342,0.4106103068277516,0.8292004065039155,0.7677496361429199,0.34201047034716653,0.8102601131776206,0.7684529009235056,0.2734106338665814,0.7572935712005994,0.8258592907388765,0.358112461957966,0.5925434484190485,0.7190722095404487,0.23027343057376223,0.5492626778776737,0.7357812285454394,0.3114229772141598,0.602754515588765,0.6995939991835074,0.3210596220058406,0.5594564126765709,0.7634317284355552,0.22913148808925615,0.6164926946562267,0.7085505912782365,0.3789226427351925,0.6162450309268804,0.7917643772680609,0.13112577623968588,0.6247555828946864,0.875193309618969,0.478947090069797,0.622466176108422,0.8894917486257731,0.378905872771686,0.6201767693221577,0.9037901876325773,0.27886465547357503,0.5144867329751024,0.9455698521539567,0.3935811451291866
0.6983230609126386,0.3717164667093933,0.6749732897428808,0.7571172236401024,0.394341499364807,0.020586408402684313,0.7497652307364965,0.3978677932155518,0.6765649535658117,0.768389706792731,0.44645794442867665,0.0032664616722689,0.6789672508381199,0.6337309900704228,0.5904687789703676,0.6217839249101571,0.5021249179856755,0.21355260101520454,0.8489634506007799,0.7684397099156254,0.41047103432594756,0.8280195045310194,0.7679496486344977,0.3424385645680203,0.8070755584612586,0.7674595873533698,0.2744060948100931,0.7569593697850053,0.8267117541451363,0.3593438272051943,0.5929126432558794,0.7198053841644835,0.23189362378582912,0.5493456585202684,0.736685119352853,0.3116363340974302,0.6034846225365487,0.7005161426646156,0.32308152742300106,0.5619038047897715,0.764594991270007,0.2290713616347328,0.616993134908671,0.709623050895653,0.3805284689968163,0.6192795762745592,0.7928349962797268,0.13230008270864196,0.6253691181449247,0.8765731503967549,0.48161106012633187,0.622798098678801,0.8905614473345637,0.38116184188681235,0.6202270792126773,0.9045497442723724,0.2807126236472928,0.5143631669757044,0.9461848598887955,0.39422842481818804
0.6985755306681117,0.3718066563911784,0.6752673265115576,0.7555876802612581,0.39514385008830616,0.02093903778775879,0.7501664827901523,0.3977769899985165,0.6771220435730281,0.7643716644389202,0.4473162802437601,0.004649370126306032,0.6798992108832319,0.634246359680623,0.5916311215019442,0.6243718165956623,0.4938823786663487,0.22164451743059785,0.8493711447745633,0.769333937542848,0.4102440262833593,0.826720190254827,0.7678712695062797,0.34279318794265806,0.8040692357350907,0.7664086014697116,0.2753423496019568,0.7564878241212506,0.8271608619483107,0.3606960588967195,0.5947785573356668,0.720661572606191,0.23436709114716492,0.5494301730009886,0.7374413015487716,0.31211565851167883,0.6041309819226748,0.7015695826892748,0.32542829975516263,0.5631253534729961,0.7652741747920208,0.2294299729884971,0.6174289494480903,0.7107677031608478,0.38227336324849415,0.6220331224776289,0.7937477322203315,0.13370651001393835,0.6261857335629919,0.878251782841407,0.48461492871149875,0.6229235666374747,0.8919912912352441,0.38332854162302904,0.6196613997119576,0.9057307996290812,0.28204215453455933,0.5143642713391549,0.9470223355053708,0.3951871350002105
0.6988375102199635,0.3719042084959663,0.6755556880791697,0.754168879995082,0.3957527838241677,0.021328939439285235,0.750562213026556,0.3976358768909617,0.677726989329763,0.760578789521947,0.4478690755042248,0.0060881102881149285,0.680244324461491,0.6346577350659078,0.592943473402204,0.6270603280622066,0.486742055424075,0.22880539410375447,0.8498678015596312,0.7699683329915943,0.41035937091040414,0.8257825550086503,0.7677180390775328,0.34327803417415886,0.8016973084576694,0.765467745163471,0.27619669743791364,0.7560347721628962,0.8274866491661873,0.36232008670410043,0.5951344077808051,0.72114151055569,0.23655004956751288,0.549584323732611,0.7380430262454428,0.3128566557101542,0.6047169080866523,0.7027006349230891,0.3280416531535529,0.5642241951061729,0.7657094780520648,0.23007940005087438,0.6180144665885678,0.7120238143298356,0.38414689539097185,0.6243602616817827,0.7944487984996037,0.13533646866207144,0.6273870355829585,0.8801709211041524,0.4877359825294611,0.623320523944379,0.893170199218577,0.38591397916753334,0.6192540123057992,0.9061694773330016,0.2840919758056056,0.5145132376979127,0.9480427673335673,0.39634806640071146
0.6990752551294308,0.3719491499530462,0.6758096916727683,0.7527491594260305,0.39635021377408725,0.021478795424155924,0.7509886200254715,0.3974886284309045,0.6782331559112097,0.7572466795779026,0.44784760177046645,0.007632378512964832,0.6805010889637158,0.6349089777508804,0.5941625679444275,0.6301712585485401,0.48021496066441455,0.2350901424395708,0.8501622984797456,0.7701882853788048,0.4108612427450991,0.8245352378449158,0.7672342665327198,0.34444022332192287,0.798908177210086,0.7642802476866347,0.2780192038987466,0.7555739195420742,0.8276959523344113,0.3640633156458133,0.595261562961417,0.7216298846148798,0.23900879208284298,0.5498832687832897,0.738398263155331,0.31366912976528233,0.6047948270634326,0.7041890714401673,0.3315038325706477,0.5647647196616329,0.7658705310552525,0.2312423561177011,0.6188100172963769,0.7133333030655944,0.3861140939149861,0.6259918564239165,0.795219194262153,0.13706111625049144,0.628963821176071,0.8822563274197126,0.49094477188820757,0.6238395747660805,0.8943239522566503,0.3885785627593184,0.61871532835609,0.9063915770935879,0.28621235363042924,0.5146888314865309,0.9491279884841888,0.39796055974538785
0.6992063982891693,0.37194470182248196,0.676008630477658,0.7516901975841191,0.396926016606436,0.021612392724895336,0.751280662804585,0.39745979227414324,0.6787104863358951,0.7539200914511104,0.4483954887489292,0.008147748123164976,0.6803228569735215,0.6350203343987988,0.5953460774421372,0.6331742068308317,0.4743882163929012,0.2402781965155861,0.8504920736767487,0.7699750818793469,0.41133121074678164,0.8236606433457011,0.7666851524837565,0.34545608431250496,0.7968292130146535,0.7633952230881659,0.27958095787822823,0.7550733624257726,0.8277152348708475,0.3659641354989445,0.5953835030924017,0.7220407998487268,0.2418284467091258,0.5503928098086126,0.738461610669918,0.31443558867664256,0.605426461603553,0.7052891401438447,0.33434480754687623,0.5653116863372204,0.7657732857180898,0.23278723787780123,0.6193392937055824,0.7145810292528291,0.3882598311968196,0.6275698690875295,0.7955887469945465,0.1392575724463446,0.6308559638878061,0.8842484763772365,0.49426522466249734,0.6244862409198317,0.8953924238949402,0.3915042056000798,0.6181165179518574,0.9065363714126441,0.28874318653766234,0.5151106983245948,0.9503607035089676,0.39992816729290215
0.6992313998506164,0.37190221450640293,0.6761910038307914,0.7508652994401738,0.3971844683305989,0.021753965983887864,0.7513561276403644,0.3974131635951252,0.6791000812197965,0.7515162603406765,0.4482617380643773,0.009190758048570162,0.6797593248461775,0.6350267765189263,0.5964593371536947,0.6359906403970506,0.46941735379547017,0.2444033007705635,0.8503843982403319,0.7694775047914036,0.41219874959061864,0.8227127313840829,0.7660266757764381,0.34670769622299114,0.7950410645278337,0.7625758467614727,0.28121664285536363,0.7546626443996843,0.8276663273466143,0.36791570348205976,0.5953437766849489,0.7223161237922713,0.24486038453199105,0.5511502190750318,0.7381612851649264,0.3149977403496734,0.6059393770727522,0.7063652809727626,0.33741616500956934,0.5655515786200636,0.7657223622923199,0.2347796936029502,0.6200452682668567,0.7158310050693145,0.3904215203951593,0.6283915972993488,0.796014744969962,0.14185446264885337,0.6329708198953775,0.8861105558617097,0.49772004165658934,0.6253046969436497,0.8964777677526119,0.39460409245190897,0.6176385739919218,0.9068449796435141,0.2914881432472286,0.5154731749504357,0.9517199295023456,0.4021009410280961
0.6991787892029087,0.3718210744695589,0.6763407064318496,0.7503313703886537,0.3973521168377265,0.021855045916364644,0.7513187019900998,0.3974021199606209,0.6793706502651516,0.7498572610240322,0.44809178880006134,0.009976696704125428,0.6788792085297106,0.634989964403912,0.5975676885832503,0.6386334434874522,0.465364953467646,0.24742526864561237,0.8500610651634563,0.7688228626793994,0.4132960573856699,0.8217582239185246,0.765333687711294,0.3480682106403946,0.7934553826735928,0.7618445127431885,0.28284036389511935,0.7543052162924743,0.8275528233253201,0.3699146889752291,0.5957266226810976,0.7219059754774868,0.24864451657164852,0.5522268200553876,0.7375067964367347,0.3153035876719172,0.6063295854919037,0.7074082908981678,0.3407209726349781,0.5656500510277268,0.7656232763494064,0.2371298403789881,0.6207657631623865,0.7170276033190295,0.39263617813676954,0.6286554174569513,0.7965327732329132,0.14467611126469945,0.6353335441440454,0.8877640333611021,0.5013098364057339,0.6262292945657588,0.8974631053644946,0.39793313471970215,0.6171250449874722,0.9071621773678872,0.29455643303367046,0.5159669481198275,0.9531424723335483,0.40486540815862004
0.6991275590095136,0.37169790726807356,0.6764497623225795,0.7500169335729067,0.397482186310777,0.021865782783243772,0.7512217634205621,0.3973653078456066,0.6794166654089195,0.7488756046236508,0.4479862607370203,0.010513540048083966,0.6777825142699097,0.6348930258343743,0.598612232346781,0.6406795835469971,0.46188498152829427,0.2495367502093076,0.8496095032192809,0.768021585642588,0.41454092040840346,0.8208551000301737,0.7646433071709633,0.3494819492407563,0.7921006968410665,0.7612650286993384,0.2844229780731091,0.7539569035661247,0.8273493049180268,0.37186520518362964,0.5961439800350722,0.7220674886321121,0.2525946098964954,0.5534629402008052,0.7365984574987567,0.31551740470662526,0.606886368731495,0.708332888520277,0.3438886551319586,0.5648616582311706,0.7656162206940287,0.23974196670687778,0.6214870761049167,0.7181043576831977,0.3948802855703913,0.628572385686419,0.7970886361696292,0.1478309095214249,0.637847811599522,0.8891794591834018,0.5051211173802144,0.6272290502560223,0.8982619282603048,0.40160575672762877,0.6166102889125222,0.907344397337208,0.29809039607504323,0.516485753527429,0.9546896855275993,0.4079692829895757
0.6990143617558447,0.3716046499100374,0.6765083549389772,0.7499499048468181,0.39756087220662006,0.021842621827547298,0.751097829300014,0.3973413799708473,0.6793945781399109,0.7485320248835173,0.44789852519623624,0.010876139380974823,0.6764275216697584,0.6348187880690954,0.5996757957030691,0.6422161825812189,0.45907621715270314,0.2507776252529146,0.8490665245228199,0.7670905459003514,0.4159045025020582,0.8200697749098688,0.7638734738157268,0.3509992219145957,0.7910730252969174,0.760656401731102,0.2860939413271332,0.7536337457850348,0.82706655281556,0.3738227332234615,0.5964697672529486,0.7221878949249715,0.25669701334721395,0.5547088769102267,0.7356098988268103,0.3158680401021365,0.6070876082935732,0.7091317114160873,0.3474106542359517,0.564080014322367,0.765421116484453,0.24292989586711616,0.6222695380607207,0.7191256893630944,0.39715547879002505,0.6276733520330697,0.797906683169947,0.15064683180826877,0.6405418448833186,0.8903586739343599,0.5088900644224285,0.6284690049967538,0.898699992428975,0.4058446717715254,0.6163961651101891,0.9070413109235903,0.30279927912062243,0.5171250572581773,0.9563448809256923,0.4115430031151639
0.6988813779903557,0.3714959007869326,0.6765322828137366,0.7500683171501141,0.39761593699532893,0.021786329968337903,0.750925425894697,0.3973242009838406,0.6792933448236216,0.7486670026385698,0.44789791166098597,0.011077992478303272,0.6748225134551349,0.6346267515357708,0.6007764779419967,0.6432171653419828,0.4569954123515199,0.25131968364650015,0.8483778312044276,0.7661110368733459,0.41753773333819255,0.8192473309069243,0.7631068615205541,0.35258152932496034,0.790116830609421,0.760102686167762,0.2876253253117281,0.7533529219362115,0.8267267419348207,0.3758061173916962,0.5966818970657186,0.7222707221837537,0.2609123072839764,0.5557804162247679,0.7348986580879714,0.31617480772725565,0.6072078612026199,0.7098799176537529,0.3510657904892465,0.5632121687109047,0.7654922865734806,0.24636109175407397,0.6230139608310098,0.719925330305905,0.3994018358528977,0.6270397746313237,0.7983645849783749,0.15426259954967333,0.6432714632116289,0.8913409438699915,0.5127099348904122,0.6295295006767908,0.8993880722121174,0.4099225338122345,0.6157875381419528,0.9074352005542433,0.3071351327340567,0.5179348010814419,0.9581572640548963,0.41564632686875785
0.6987295280159215,0.37141982241590304,0.6765332031166118,0.7503310636210286,0.397634036285211,0.02175120507526179,0.750678171188851,0.3973107032083354,0.6791663430268222,0.7491572173035103,0.44792858842349786,0.011273710223129273,0.6729944851770497,0.6343736682450475,0.6018222487760279,0.6436125888107614,0.4555394932027043,0.25134299798600923,0.8475805421467427,0.7651293804729646,0.41930318102075337,0.8185003517397591,0.7623413229120691,0.3541504923436323,0.7894201613327754,0.7595532653511735,0.28899780366651123,0.7530685921716724,0.8263081355983724,0.3777763543759972,0.5967225437760469,0.722330848638277,0.26511686435385967,0.5568162171109828,0.7342226956260215,0.31755326805072864,0.6071827062573601,0.7103170615195478,0.3548571315680943,0.5621087255633512,0.7655922928192694,0.24988063671706617,0.6237459083845441,0.7205752686476575,0.40157354612699125,0.6263632497620608,0.7989398765313483,0.15790311321283748,0.6468109480702537,0.8920550989012689,0.516202791070019,0.630727121485256,0.9000638812902549,0.4136709274235655,0.6146432949002583,0.9080726636792409,0.311139063777112,0.5189794061984976,0.9601232764107598,0.42066381814520687
0.6985470012789756,0.3713587756585044,0.6764790586307784,0.750705320123674,0.39762345280214434,0.021758720882077205,0.7503266154904645,0.39726898281131917,0.6789595816474919,0.7499695379748258,0.44797521710251603,0.011520964928975332,0.6710139933892805,0.6340426659775439,0.6027293606435054,0.6434944832750905,0.45469894990987786,0.2509727294624904,0.8466768047231418,0.7642078505271067,0.4210045142696643,0.8177811350426673,0.7615966445020923,0.355664850725033,0.7888854653621925,0.7589854384770779,0.29032518718040184,0.7527810194350965,0.8258506135974804,0.37976254327680453,0.5965941615249345,0.7224066202416815,0.2692160467445145,0.5576061437456646,0.733913167092276,0.3195115191856768,0.6072014190824925,0.7107499106385909,0.358414102181351,0.5610712374551982,0.7658202211647329,0.25317992252522276,0.6244451340580659,0.7211078172448644,0.40370353600406866,0.6255323185214882,0.7993554444075096,0.16158718787876858,0.6497510089893959,0.8926391844594957,0.5197557737041492,0.6317293313165204,0.9005679004983257,0.41747607304554357,0.6137076536436448,0.9084966165371556,0.3151963723869381,0.5202148207783774,0.9622906510357518,0.4264791506610659
0.6983598730276531,0.3713135274337993,0.6763733771839248,0.7512010566058666,0.3975900151310064,0.021820841326163794,0.7499229092958076,0.39730211371483204,0.6786963750251398,0.7510235915347352,0.44805436314979674,0.011836935582848063,0.668938096870099,0.6335950920124951,0.603475419507795,0.6428735856018493,0.45441426955376724,0.250467176416294,0.845931052626477,0.763070969708415,0.4218441372596154,0.8172212841268248,0.7606921401594284,0.35672672685938306,0.7885115156271724,0.7583133106104419,0.29160931645915067,0.7524405950191071,0.825342606410283,0.38160779436584275,0.5962493547143006,0.7225360761794817,0.27311214896734043,0.5581817931942008,0.7339154678494645,0.32188390661453586,0.607275043312521,0.7108229213333692,0.3617152285952583,0.5600432591434238,0.7660098035570566,0.2562221370635295,0.6250341278982945,0.7215174542802735,0.405753561786865,0.6247566054534367,0.7996417608576208,0.16517616458091272,0.652505782262966,0.89306191024691,0.5233425007770425,0.6325720219827227,0.9010703858682709,0.4213566835033011,0.6126382617024794,0.9090788614896318,0.3193708662295597,0.5216767525726453,0.964677180452129,0.4332877967470607
0.6981848620975225,0.3712940476896042,0.6762403934184357,0.7517559992397072,0.3975634797314336,0.021967629634783367,0.7494928210853905,0.39730211371483204,0.6783356162979995,0.7522071010324449,0.44812185202732296,0.01232040136003587,0.6666327381673285,0.6329698995925023,0.6039932432589962,0.6418364042613215,0.4545520082174458,0.24990855257095201,0.8449092096672051,0.7622187692458339,0.4233834972024634,0.8165830540827642,0.7598876420625533,0.35811669096879795,0.7882568984983234,0.7575565148792729,0.29284988473513257,0.7520904416870067,0.8248382804345871,0.38349345113350375,0.595678766931579,0.7227113938772373,0.27668921286004244,0.558552982020595,0.7341670173020622,0.32441427937033124,0.6073517352188008,0.7106621750978068,0.3645402516549807,0.5590849170825516,0.7663358975425583,0.2592106672674404,0.625714947514309,0.721873713748912,0.4075389493650586,0.6241520687202019,0.8000826881907922,0.16841706228442163,0.6555648690206541,0.8933692914072795,0.526873396142164,0.633455819510691,0.9013737790495138,0.42515661407565214,0.6113467700007277,0.909378266691748,0.3234398320091402,0.5235507346409733,0.9673007798891982,0.4410196906776141
0.6980411414651541,0.37128361759035017,0.6761118577835107,0.7523394712626839,0.39749292317765617,0.022212123432003277,0.7491216322589963,0.39731867916658853,0.6780147373621249,0.7533992000236579,0.4482095875681071,0.012967067513787053,0.6641997641325085,0.6322348843627168,0.6042935687639879,0.6404942959014251,0.4550603221722682,0.24934839488748442,0.8435717028216856,0.7615015465383054,0.4251007823678804,0.816000502362663,0.7590426506391625,0.3593701434850349,0.7884293019036405,0.75658375474002,0.2936395046021893,0.751665612350163,0.824376025447479,0.3852799781343049,0.594857549999135,0.7229189221756305,0.27981287420281836,0.5587315207784144,0.7346018604106687,0.3268837587525405,0.607339157746171,0.7104937596716164,0.3671235418261092,0.5579164391984727,0.7669663050121781,0.26281242595396453,0.6261775530929887,0.7222467431810569,0.4092985684627421,0.6235788222847293,0.8003416000663928,0.1713491472453106,0.658857099173433,0.8937177794294147,0.5301312683209295,0.6343791900622997,0.9015118244808173,0.42863474540925317,0.6099012809511662,0.9093058695322199,0.32713822249757685,0.5261053727159156,0.9699824197609398,0.449579120953689
0.6979251833028591,0.3712762551673473,0.6759917582582766,0.7528514664290077,0.3974384719241975,0.022481465406857883,0.7487768254483624,0.3973352446183449,0.6777779127555329,0.754416441468553,0.4483292269419035,0.013751779098841873,0.6616695447605255,0.6313697996598807,0.6043745554170193,0.6388395913315323,0.4557855208380499,0.24895235788345557,0.8423740820132203,0.7609232895649557,0.4265533270728197,0.8152309757750515,0.7583421467672031,0.36067129836697787,0.7880878695368827,0.7557610039694505,0.2947892696611359,0.751167158783291,0.8239562796884232,0.3870152311177647,0.5934094534247599,0.7236310832173445,0.28208786291070204,0.5587824442041841,0.735143612036629,0.32912500302166114,0.6075643251830084,0.7102845441512851,0.36910035240237704,0.5574964743196845,0.7675194070402679,0.2652147232262727,0.6265603990891374,0.7225551469001765,0.4108753540558546,0.6230926978547904,0.8005512246102242,0.17387957112904354,0.6622634468827563,0.894101852496064,0.5331817655851145,0.6354237338258304,0.9015244019534473,0.43192697556203213,0.6085840207689045,0.9089469514108305,0.3306721855389496,0.5292692512943447,0.9727009944547459,0.4582835909629203
0.6978283981171339,0.37128162360078687,0.6758892978714868,0.7532507244931003,0.3973916898613668,0.022776115710784882,0.7484332457082289,0.3973419935060975,0.6774803481591672,0.7551582055860914,0.44840714591868375,0.014529741796144089,0.6591936232581889,0.6304998066750427,0.604329767343752,0.6371177046517383,0.45665490028763767,0.24859558713544197,0.8410709331417141,0.7604701937826547,0.4279779559238731,0.8143341406230156,0.7577424160600952,0.3618873252329502,0.7875973481043173,0.7550146383375355,0.2957966945420273,0.7505521335188735,0.8234717621365205,0.38857019238554724,0.5914018127021676,0.7238975108997605,0.2846455379851331,0.5588536142932118,0.7355516129780376,0.3315642657927962,0.6072854734117751,0.7100998700409633,0.3710268530881254,0.5568062471631664,0.767712363876468,0.26729522125983085,0.6268129711004855,0.7228167174285282,0.41224537826963675,0.622780203900669,0.8007271047152925,0.176195053163443,0.6658980297051682,0.8945613903984924,0.5359230410831793,0.6366161395846686,0.9014599807521723,0.4348682635516746,0.607334249464169,0.908358571105852,0.33381348602016986,0.5332956377275587,0.9755048505483349,0.4676050320197912
0.697744497171664,0.3713067785460467,0.6757989548058891,0.7534831009691281,0.3973640807751061,0.023058188542081946,0.7481565413103713,0.3974051876368721,0.6772784950618389,0.7555484140052429,0.44845622873870283,0.015219355417411984,0.6567336536723584,0.6296583430793409,0.6042803777561078,0.635482019674603,0.4576426920405214,0.24832931283683857,0.8396981480193058,0.7601183313166431,0.42928079802775415,0.8134443611263575,0.757161551561932,0.36304107827102333,0.7871905742334093,0.7542047718072209,0.2968013585142925,0.7499619126081443,0.82305490875793,0.39000735488528415,0.5888602429280553,0.7241297339919758,0.28707789848470294,0.5587233914363487,0.7360964322802492,0.3332617644463931,0.6069133642825055,0.710044958636067,0.37271284795578036,0.556264495537206,0.7679074680860438,0.2691036164099083,0.6269544932315406,0.7230416803536156,0.41353216620113664,0.6224801851633025,0.8009060524966121,0.17821685632472833,0.669066939272649,0.8949945462851607,0.5386900850617542,0.6374250858121079,0.9013612015768838,0.43767610762439035,0.6057832323515665,0.9077278568686069,0.33666213018702645,0.5378328536101212,0.9782830608684642,0.47729668024665595
0.6976785421322633,0.3713173620291133,0.6757101455784171,0.753597371909485,0.39731867916658853,0.023209271597453153,0.7478835181240155,0.39739291693186735,0.6770453516667483,0.7556324683345256,0.44850224388247073,0.01572981674561027,0.6544654138522271,0.6287561394938654,0.6041552165650591,0.6340033997215286,0.4586228146027771,0.24806518591161095,0.8382667702804999,0.7598345712634078,0.430536704684992,0.812495835629489,0.7566630541711133,0.36414206727757603,0.7867249009784784,0.7534915370788189,0.29774742987016,0.7491961329679538,0.8226369159567318,0.39140200815696874,0.5860166604270133,0.7242639448279654,0.289346138304834,0.5582393121239106,0.7365703882610584,0.33474283854046843,0.6062535071208742,0.7101234911480976,0.37439178716805754,0.5557224371436204,0.768039378164845,0.27070248927202945,0.6270706559055856,0.7231834069964208,0.4147105629050944,0.6222752643897228,0.8011029973119385,0.1800987734489594,0.6721254124950873,0.8953227876440382,0.5410129295191566,0.6379649968323176,0.9011958538269447,0.44015632387347875,0.6038045811695479,0.9070689200098511,0.33929971822780103,0.5428304663444625,0.9810069119654223,0.48681702943165406
0.6976279254741187,0.37132748536074217,0.6756173483718186,0.7535742109537885,0.39725763240918976,0.02319776781151121,0.7476589642224283,0.3973524236053516,0.6767993240314027,0.7554336829134483,0.44856359740749463,0.01589240358692342,0.6523303111813977,0.6278809314594005,0.60404140577614,0.6328346150698247,0.45945016688772344,0.24780627403601038,0.8368133052726853,0.7596308775603288,0.4317269630704544,0.8115275236208005,0.7562634893393957,0.36519918851373667,0.7862417419689157,0.7528961011184626,0.2986714139570189,0.7483868799728894,0.8222312815084315,0.39277133118760776,0.5831910238320406,0.7242927809847266,0.2915218876859917,0.5579960453971912,0.7368793032595534,0.3355859893581084,0.6047475848491642,0.7106615615625566,0.37777390023499635,0.555242345810309,0.767897958289665,0.2718789431143614,0.6271994983081357,0.7232104025474312,0.4158548061467889,0.6222210687759517,0.8014071062843067,0.18198989360194398,0.6747850878048705,0.8951516113092216,0.5431903661222524,0.6382300440604205,0.9008255853034257,0.44261475962118374,0.6016750003159708,0.9064995592976298,0.3420391531201152,0.5484111829806304,0.983374667203142,0.4956215056866742
0.6975724005339721,0.3713391425304967,0.6755245511652201,0.7534768122328132,0.39718400817916116,0.022993153805556756,0.7474270478978381,0.3973137708845866,0.6765643400305614,0.7550864219618133,0.4485862982117534,0.015711410688103136,0.6503240509131184,0.6270192212004406,0.6039687018489867,0.632029656821512,0.4599821019496801,0.24746668227500346,0.8353963456122598,0.7593937461861116,0.4328224302597549,0.8105564507034857,0.7559406164139577,0.36617394264255276,0.7857165557947117,0.7524874866418039,0.2995254550253507,0.7475269664957341,0.8218022450727293,0.3941162004561302,0.5806400976453622,0.7240628586496998,0.29362784743243475,0.5573357280841221,0.7367757691860756,0.33715571929584315,0.6066627351327832,0.7110806061384694,0.37767174661583164,0.5549441676786931,0.7678145174956326,0.27310233240333665,0.6272731225381644,0.7231692956856652,0.4169317650227072,0.6225812139678417,0.8017097836744242,0.18417673774554347,0.6771337007427827,0.8948245970208447,0.5452855890018162,0.6383453886874654,0.9005307816156862,0.4449670537705975,0.599557076632148,0.9062369662105279,0.3446485185393787,0.5543302029537797,0.9855495269581869,0.504126454032528
0.6975184094319511,0.37136905237394585,0.6754401900683124,0.7533694435640215,0.3970859959229356,0.022660464316114973,0.7472209000537581,0.3972708234170699,0.6763146311837145,0.7546796480909054,0.44859427417000647,0.015304636817195119,0.648620877058457,0.6261768373018635,0.6038545842924423,0.6315713459895839,0.4601983731253891,0.24707678062347702,0.8340444206883596,0.7591655110730229,0.43378997534938074,0.8095993357131139,0.7556948955462373,0.36705298527233177,0.7851542507378683,0.7522242800194515,0.3003159951952828,0.7466873873297294,0.8214025706811453,0.39551733967188873,0.5791804972850453,0.7239404583672773,0.2960905779268914,0.5563776927908749,0.7366121086580746,0.33896641520310905,0.6060338615012889,0.7111628198620012,0.3789126216594387,0.554575739760925,0.7674417948311129,0.2744570182358628,0.6272624879271602,0.7230467931473675,0.41798397797686593,0.6226891961718837,0.8025830488472634,0.18648608442744052,0.6793050019933762,0.8940049139265264,0.5475219249889349,0.6382420079978001,0.9000135713997353,0.44759850645886967,0.5971790140022243,0.9060222288729445,0.3476750879288044,0.5603921766402344,0.9876986182327216,0.5116059395611334
0.6974671792385562,0.3713879185828907,0.6753644184649079,0.7532991937778691,0.3969816949303951,0.022244334032640867,0.7470527913951927,0.39724996321856176,0.6760968261698799,0.7543550879435292,0.44856421094274485,0.014783131854492525,0.6471680255858925,0.6254577739885842,0.6038435406579381,0.6313397364326189,0.4601213744514842,0.24660711938941957,0.8328090674620048,0.7588998503096697,0.43463726752995985,0.8088098692298697,0.7554798514410288,0.36787450897240087,0.7848106709977347,0.7520598525723877,0.3011117504148419,0.7458459675579738,0.8210769587590543,0.3969422314666208,0.5786396659619601,0.7235594529768793,0.298304673261189,0.5557416101201903,0.7358211083367048,0.340580319678861,0.6021728841715391,0.7109505366654189,0.3821171162714334,0.5542576217336764,0.7671015895348557,0.2762408719759308,0.6271168755611036,0.7228707085305492,0.4190926361740466,0.6226444080986162,0.8037929403607335,0.18909074607645232,0.681281812569644,0.8928263127108184,0.5493766420504054,0.6380582541903538,0.899428258771008,0.4501729003688697,0.5948346958110636,0.9060302048311976,0.35096915868733397,0.566154990538673,0.9896353036036237,0.5182728590043232
0.6974349686379187,0.3714190554968403,0.6753179431697024,0.7532798674174865,0.39687846762454243,0.02181531950891164,0.7469540122199044,0.3972088563567958,0.6759287175113146,0.7541624378749545,0.44855807559024247,0.014279419414046842,0.6458894181243957,0.6247650926910651,0.6037760517804118,0.6312449452364571,0.4598207421788674,0.24614696795174082,0.8318583945917604,0.7585206855250224,0.435275957725458,0.8080006162348055,0.7552761577379495,0.36851488638983715,0.7841428378778504,0.7520316299508768,0.3017538150542163,0.7452129744755136,0.820838994729855,0.39832768170955185,0.5785870553142523,0.7234434948145841,0.30082538283679316,0.5548949314748616,0.7349294882342959,0.3420202869111703,0.6011593239381454,0.7109201666705319,0.38345615695507856,0.5538953291684107,0.7665316152873843,0.27800877379949257,0.6268544869857517,0.7226289756419553,0.42023708392749115,0.6227170097698944,0.8053249378805785,0.1920338746718456,0.6834113934232212,0.8921587863585593,0.5517037812545594,0.6380545729788523,0.8992862253605778,0.45324456459918794,0.5926977525344835,0.9064136643625965,0.3547853479438164,0.5712700339199099,0.9913269429955811,0.5239737058424877
0.697416715964224,0.37143132620184505,0.675307973221886,0.7533177532191888,0.39676327638131026,0.0214292524526992,0.7468846827366274,0.3971597735367768,0.6758287112655258,0.7540722481931695,0.44853782892698457,0.013924796039409104,0.6447973253789715,0.6241862221824652,0.6037643946106573,0.6311424848496673,0.45941580891371014,0.24573896701033232,0.8311221522914743,0.7580884499412295,0.43583764924705115,0.8072801724672131,0.7550339646979181,0.36911001558256834,0.7834381926429517,0.7519794794546065,0.3023823819180855,0.7447251263036815,0.8206149667156251,0.3997333786157407,0.5788290949704712,0.7238361573747367,0.3031723085527673,0.5537187844001547,0.7339140873951515,0.34380337373217545,0.6000828763416023,0.7107627948788459,0.38482342026023464,0.554246271331547,0.7661098098028455,0.27981624864669463,0.6265074305458669,0.7223432727270943,0.4214398175297083,0.6224081970272745,0.8069698258864675,0.19508416742428045,0.6854845290337765,0.891512120204808,0.5541211101404985,0.6382840351624415,0.8993092329324618,0.45652697818796295,0.5910835412911064,0.9071063456601155,0.3589328462354275,0.5758338772323327,0.9927795490540453,0.5289368378957655
0.6974141084394105,0.3714503457946024,0.6753116544333874,0.7533883097729662,0.39667446715383825,0.02114089088508724,0.74689143162438,0.39711989374551127,0.6757587682469987,0.7540826782924235,0.44853721539173436,0.013751165563591648,0.6438954285611211,0.6236625698463868,0.6037515103704023,0.6310167101233685,0.4589197656638925,0.24541747453920743,0.8306543316631678,0.7577037633393301,0.4362407419064578,0.8066534462090945,0.7548245957937743,0.36960437161044785,0.7826525607550214,0.7519454282482183,0.30296800131443796,0.7443627022665764,0.8204183724918702,0.40107518020801197,0.5791892401623611,0.723798118189222,0.3057589731677721,0.5524478461292859,0.7329078895847607,0.34569582321153564,0.5987840222168477,0.7102216567881356,0.386070123888719,0.5536830459718283,0.76578709026122,0.2819320249571415,0.6260750927061989,0.7220731127052393,0.4226908159049443,0.6222903982592287,0.8085695167955889,0.19818701969648578,0.6874717697092985,0.8907826267922746,0.5564819937834155,0.6386984782239775,0.8996037298525762,0.4596047777707835,0.5899251867386565,0.9084248329128777,0.3627275617581516,0.57979130230342,0.9941256453930682,0.5332508496542914
0.6974272994472906,0.3714575548337927,0.6753334349347709,0.7534777325356885,0.39659133312743095,0.020946246826949094,0.7469282437393943,0.39707449213699364,0.6757348403722392,0.7541286934361914,0.4485488725614888,0.013804543130362376,0.6430024280043993,0.623415928675791,0.6038843407520789,0.6307924629894064,0.4584139058500709,0.2452521267892682,0.830389897970315,0.7572411577606505,0.4366064089155998,0.8060856193349991,0.7545572478084828,0.37006866441106573,0.781781340699683,0.7518733378563153,0.30353091990653164,0.744090730854935,0.8202573633126291,0.4023383616403598,0.5795478515161254,0.7236341508935957,0.30815912306670445,0.5511118731218919,0.7319641189860816,0.3477013165607521,0.5975357847502378,0.7099737885470393,0.3874763466822652,0.5533413068374454,0.7655014896022341,0.28410608711636104,0.6256310976967764,0.7217585736336172,0.42397167299569183,0.6218331099860511,0.8101935446029697,0.20120090935740656,0.6892774039507499,0.8900304325754824,0.5588576022723384,0.6392571020693195,0.8996785811531053,0.4629497719550829,0.589236800187889,0.9093267297307281,0.36704194163782744,0.5832272224118047,0.9953469486621925,0.5370261774631079
0.6974453987371726,0.3714613894291067,0.6753621177077195,0.7535656214602853,0.39652675854234337,0.020838878158157347,0.7470012544341728,0.39706099436148834,0.675757541176498,0.7542833043192514,0.448489973177466,0.01414076044749298,0.6423793829577823,0.6231794108368242,0.6038981452952092,0.6304789464765347,0.4578838113938651,0.24526225012089714,0.8302619758706403,0.7567822333934722,0.43694692097948207,0.8057556907541834,0.7541659657026433,0.3707515291445809,0.7812494056377264,0.7515496980118145,0.3045561373096799,0.7439469006627004,0.82012370027597,0.40359716067806306,0.5800018676013018,0.7231638761242881,0.310575224882143,0.549741081989047,0.7311464298813264,0.34980052741944256,0.5962878540512531,0.7096924826348051,0.3890709247976346,0.5529869902304329,0.7655616160567574,0.2863678848163646,0.6251830124523524,0.7214360586037419,0.4253089753294613,0.6213338968041072,0.8112786839488914,0.2043896565646452,0.6909259731681403,0.8891444876741383,0.5611424075442258,0.6398862824684388,0.8999104974776954,0.4657671258241773,0.5888465917687375,0.9106765072812524,0.37039184410412873,0.5861421283856869,0.9963319181529252,0.5403439306822967
0.6974670258547436,0.3714623097319821,0.6753861989662914,0.7536252877633708,0.3964677057745079,0.02079102240863877,0.747094511792209,0.39708185455999645,0.6758145999547702,0.7542495598804883,0.44849365438896743,0.014499678568882424,0.641881499102214,0.623055476716276,0.6040107290136281,0.6301126659321422,0.4573690553189151,0.2454294384765871,0.8302128930506212,0.7563389541751749,0.43721012760183436,0.8052259030656026,0.7538976974144765,0.37118545195031205,0.7802389130805839,0.7514564406537784,0.30516077629878974,0.74379106270914,0.8200245705091099,0.4047158107350333,0.5803118562864846,0.7228937672303707,0.312773828451372,0.5483595539893228,0.7304968494351365,0.3519649263984708,0.5951190693995491,0.7096348103212828,0.3896982645910033,0.5530179737605699,0.7657263502714465,0.2883376397372548,0.6248011890149541,0.7210540306545934,0.4266657062794883,0.6206320124778346,0.8125646538333908,0.2069638459628951,0.6923947765572107,0.8882701999425486,0.5632738290035537,0.6405479802358209,0.9001914966223044,0.46850840132224214,0.588701183914431,0.9121127933020603,0.3737429736409305,0.5887638872170053,0.9972455948475801,0.5432722117246341
0.6974934078705038,0.37146215634816954,0.6754274592118699,0.7536390923065012,0.39641264098579904,0.020755897515562585,0.7472110834897543,0.3970560860794865,0.6758728858035429,0.7540931083916775,0.448513287516975,0.014888659917533534,0.6414682831111784,0.6230073141991322,0.6042294543303379,0.629707732666985,0.4568478571238376,0.24570552933919435,0.8301687185126041,0.7559849443357874,0.4375549344124683,0.8046924341655203,0.7536955375495231,0.37163011162292225,0.7792161498184367,0.7514061307632588,0.3057052888333763,0.7436964906327105,0.8198976563602037,0.4057816091125902,0.5805233725640043,0.7227189096840528,0.31492426950345737,0.5469763387676605,0.7300311761802057,0.35416721117920125,0.5940674699806405,0.7097421789900743,0.3911228934420567,0.5525958615084059,0.7662450943255229,0.2904739694785846,0.6244580182983207,0.7207425592592226,0.4280095529892603,0.6199156078173063,0.8138201514671285,0.20932350253531173,0.693610189887933,0.8874149318037163,0.5652475719035704,0.6412013952773248,0.9003881346700058,0.470842902949399,0.5887926006667166,0.9133613375362953,0.37643823399522747,0.5910635400419486,0.997979137592765,0.5459808471473863
0.697520556805327,0.3714601623586063,0.6754704066793864,0.7535866350426057,0.3963331881708932,0.020710342523232457,0.7473153844822947,0.3970309311342267,0.6759342393285667,0.7537894084428095,0.44852064993997787,0.015224263699413845,0.64116335609181,0.6229971908675034,0.6045233377152022,0.6293350100024652,0.45628340469361833,0.2460552444318302,0.8301438703349694,0.7556410578280288,0.437914772836733,0.8041651006179404,0.7535225206089559,0.37204271407870754,0.7781863309009116,0.7514039833898829,0.30617065532068205,0.7435569551872275,0.8197721445775833,0.40676756025972316,0.5806782902146895,0.7227321006919328,0.31701473748483194,0.5456001792013759,0.729743734915469,0.35636934257611924,0.5932407312309445,0.709941884714027,0.3927987649780827,0.5519749638351648,0.7670411563127072,0.2926808557736919,0.6241706792894591,0.7204548112268607,0.42931024771976556,0.6193026861023181,0.815057038531609,0.2114823285691503,0.6947317323253687,0.8865437117483781,0.5670016691840019,0.6418318027469446,0.9005086943466777,0.4729807665288544,0.5889318731685207,0.9144736769449774,0.378959863873707,0.5931421974697562,0.9985331599237303,0.5485336446165779
0.6975394230142719,0.3714569412985425,0.6754951014732086,0.7534599400134316,0.39626984065630605,0.020614017488945015,0.7473736703310674,0.3970100709357186,0.675973505584582,0.7533108509476237,0.44854089660323576,0.015461701841256113,0.6411382011465502,0.6229793983452464,0.6047577081807932,0.6290414333852262,0.4556686423728795,0.2464264332582244,0.8300555212589351,0.7553244736389059,0.4382117238978484,0.8036193610128536,0.7533763458355867,0.3724155901270399,0.7771832007667718,0.7514282180322674,0.3066194563562314,0.7434616819276549,0.8196726642191519,0.4076250195958777,0.5798604477261219,0.722127768470448,0.31671272475790213,0.5442293880685309,0.7296151992805441,0.35852944680839577,0.5925508108420514,0.7109220072762827,0.3951443102397439,0.5516083765231473,0.767866974759528,0.2945285171797846,0.6239226065366127,0.7201969219100105,0.43054570320199553,0.6186124589458,0.8162272547655636,0.21341291948990032,0.6957673798277709,0.8857461159230681,0.5686079044691258,0.642416808608047,0.9006022584723391,0.4749517485202451,0.5890662373883228,0.9154584010216099,0.3812955925713643,0.5950509056332476,0.9990124536612165,0.5509066762574498
0.6975355884189578,0.37144773826978894,0.6754951014732086,0.7532740388326093,0.39620587960646875,0.02042965014624843,0.7473834868950713,0.39699841376596406,0.675971051443581,0.7527187894311437,0.44854028306798555,0.015529190718782337,0.6410311392453836,0.6230662135831551,0.6052414807256061,0.6288512374576524,0.45501890854287713,0.2467488460322246,0.8298708471486134,0.7550575858050521,0.43850438021221205,0.8030343551517514,0.7532614613599794,0.37275042698985744,0.7761978631548893,0.7514653369149067,0.30699647376750283,0.7434058502198833,0.8195446982955307,0.40833005924629445,0.5786706494920972,0.7214674511573791,0.31555467697307726,0.5428566029461227,0.7296182669567953,0.36061485312395586,0.5920388156757275,0.7109983924149375,0.39617995774214615,0.5510825768136931,0.7687955603607638,0.2961531585224157,0.6236737157367661,0.7200179741286911,0.43176950151447085,0.6181191766046085,0.8174623012242933,0.21516272202358,0.6966692766456213,0.8849742885782684,0.5701306989602173,0.642952424881505,0.900679257146244,0.47680155729971363,0.5892355731173886,0.9163842257142195,0.38347241563920986,0.5967062237383907,0.9993327190618408,0.5530690198933897
0.6975154951395124,0.37144942549172705,0.6754806833948281,0.7530695782104675,0.3961345561336285,0.02017856084508837,0.7473258145815488,0.39700516265371666,0.6759115385243079,0.7521021865046541,0.44853966953273533,0.015457407094504407,0.6410161076317528,0.6232315613330943,0.6057979571975722,0.6287714778751213,0.4543538363316188,0.24696450367268338,0.8297008978842974,0.7549299704730027,0.438604693225626,0.8021835351434833,0.7533326314490072,0.37279521506312485,0.7746661724026691,0.7517352924250116,0.30698573690062364,0.7432957644664119,0.8194188359213391,0.4089879443303357,0.5776132214883114,0.7209812244715653,0.3151985197603139,0.5414772223197745,0.7297196536568972,0.3626030141023531,0.5916897141183419,0.7114346159778568,0.3975567308436809,0.5506187441645128,0.7698226183696627,0.29751428647506944,0.6232910742523675,0.7199277844469061,0.4330701962449761,0.6176044205296585,0.8187114589937785,0.2167403256636928,0.6975840577037266,0.8842570658707397,0.5715001096387493,0.6434981644865918,0.9007522678410224,0.4785160815565046,0.5894122712694573,0.9172474698113049,0.38553205347426,0.5983046057723115,0.9995742065363348,0.5552406892651334
0.6974984695363183,0.3714423698363494,0.6754704066793864,0.7528614363768241,0.3960498882690956,0.019864890948404015,0.7473055679182911,0.39702540931697455,0.675904176101305,0.7514849700429145,0.44851512812272576,0.015213833600159831,0.6410814491359031,0.6234281993807957,0.6064302052729429,0.6287349725277321,0.4536602347312244,0.2470684978975988,0.8291272424253245,0.7546259637565096,0.43831510458751355,0.8014265860285018,0.753220201114401,0.37270839982521614,0.7737259296316789,0.7518144384722925,0.3071016950629187,0.7431297593572759,0.8192903441103605,0.40967317555695903,0.5774457263649964,0.7216758997586474,0.3167280631391581,0.5400909394218608,0.729886535244962,0.3644818124223955,0.5913906156838508,0.7108253754743702,0.39724321433080917,0.5501598197973346,0.7706950654955016,0.2988162082760752,0.6229928961207516,0.719868476039383,0.4342794742231959,0.6170964133424611,0.8200364906225432,0.21824716823827817,0.6984356446310573,0.8836122403227392,0.5728505007245238,0.6440279521751727,0.900864544791816,0.4801609695623935,0.589620259719288,0.9181168492608925,0.3874714384002633,0.5997445730046208,0.9997522544659538,0.5572148002863001
0.6974901868104403,0.3714316329694702,0.6754615104182582,0.7526597366633082,0.39596491363693764,0.019516709693893766,0.7473307228635506,0.39701559275297077,0.6759409882163194,0.7509487402342061,0.4484783160077115,0.01492853970879899,0.641240354765715,0.6235999892508625,0.6070127569930441,0.6287358928306075,0.45304148443135905,0.24702555043008212,0.8286729195725232,0.7544406761109375,0.4384237003268057,0.8008147380002015,0.7530563872025874,0.3729665447817539,0.7729565564278801,0.751672098294237,0.30750938923670207,0.7429689254738207,0.819169214722385,0.41035525145943824,0.5775583100834151,0.722464906090454,0.3181422618909574,0.5387048099077599,0.7300957507652932,0.3662322284913254,0.591015745645955,0.7110069819084408,0.3981506329659117,0.549777280568811,0.7715730344385926,0.29987210244173534,0.6227215090283963,0.7198224608956152,0.4353774978093724,0.6166571221032905,0.8213357537707979,0.2195748585197939,0.6995013553607213,0.8830956436420386,0.5741297217212707,0.6446779927728002,0.9010427767820101,0.48170677162536907,0.589854630184879,0.9189899099219818,0.3892838215294674,0.6011283404080083,0.9999182771046684,0.5591231403286414
0.6974858920636885,0.3714265713036557,0.6754713269822619,0.7524807377540512,0.3958831600648434,0.01916592091456996,0.7473460612448066,0.397003322047966,0.6759753461903326,0.7504738639505216,0.4484316873286933,0.01461134198442581,0.641431164228539,0.6238168739618217,0.6076805901129285,0.628711351420598,0.4524064754473624,0.24697339993381187,0.8282308674247264,0.7542176560474759,0.43846173951232054,0.8001413830630649,0.75288935223071,0.3731539798007017,0.7720518987014037,0.751561048413944,0.3078462200890829,0.7427749606868524,0.8190802521111005,0.4109993758242956,0.5777506533843648,0.723109578254642,0.3194914259062315,0.5373327917044144,0.7303255197165075,0.3678565630663314,0.5905862709707883,0.711167114608753,0.3989040542532043,0.5493456585202684,0.7722804405821173,0.3006362605959072,0.6224176045677782,0.7198461842586243,0.43637633319676045,0.6162789798773937,0.8226106800207931,0.22082278921877865,0.7003553964290531,0.8825667762563332,0.5753175259657322,0.6451991909678776,0.9012111922082006,0.4831608501684339,0.5900429855067023,0.919855608160068,0.3910041743711356,0.6023563925648855,1.0,0.5609439902442988
